CustomerID,FirstName,LastName,Email,Phone
82,Gerson,Beahan,linacarroll@emard.name,6604129841
238,Charlie,Lebsack,jarodwolff@kassulke.biz,7780518719
357,Guido,Witting,emmybecker@erdman.name,4337849371
190,Ettie,Beahan,oletahaley@schaden.org,5105668123
747,Jazmyne,Hoppe,einobarton@farrell.net,7360337319
34,Jewell,Cartwright,stevelegros@kemmer.io,7032358515
758,Rachael,Leuschke,ulisesjewess@durgan.org,8312477714
727,Cassandra,Heidenreich,curtishaag@brakus.io,6912550798
819,Edgardo,Ullrich,audreannekuhic@watsica.io,6906160144
306,Jacquelyn,Predovic,mohammedglover@rohan.name,1842328386
711,Destany,Bartell,kanehaley@blick.biz,1903090304
248,Carolina,Ondricka,meganewolff@parisian.info,6560692176
321,Tyrique,Beier,lavonbernier@zboncak.name,3886977251
854,Lamar,Harris,onierosenbaum@oreilly.io,2002910094
465,Ahmed,Collins,marquishintz@keeling.info,9731459594
41,Breanna,Windler,myabreitenberg@moen.info,3104906824
396,Ford,Mraz,winfieldcummings@mertz.info,2021715292
130,Camryn,Grimes,andersontreutel@legros.biz,6978883445
875,Pamela,Lind,hardyreilly@abernathy.name,9634774916
984,Trystan,Ebert,medagerlach@terry.com,1529870989
862,Ottilie,Turner,kristinhahn@lemke.biz,6156966504
268,Ericka,Luettgen,anitastracke@hansen.org,5842323238
528,Alejandra,Wisozk,javontewolff@krajcik.org,7127243067
605,Kayleigh,Dare,leannafritsch@marquardt.net,5469404974
358,Ryder,Sporer,kathlynyundt@jenkins.io,5911159352
373,Chadrick,Donnelly,sebastianwilliamson@morissette.org,7056443423
575,Karson,Jerde,kelleycruickshank@orn.net,9751884941
588,Mandy,Turcotte,ransomfunk@wintheiser.net,8041036650
873,Eriberto,Hodkiewicz,alexanewiegand@abshire.com,4367835690
115,Neil,Lowe,mitchellauer@hand.biz,6351294141
751,Ricardo,McGlynn,therongibson@larson.info,2636215737
759,Aiyana,Bernhard,miamarquardt@quitzon.io,4287792694
357,Dolores,Muller,conorhills@nolan.com,6930451318
185,Merlin,Heaney,rosemaryskiles@prohaska.io,2218172562
284,Emilia,Dooley,melanyzieme@bechtelar.info,7240286665
769,Paxton,Cole,myrticegrady@parisian.net,3076108518
719,Barton,Kling,dionleannon@ankunding.biz,7493110244
119,Hermina,Cruickshank,shanagraham@gaylord.org,5690401612
835,Sandra,Cassin,laneaufderhar@terry.name,3816817277
285,Onie,Kirlin,keshawnrohan@runte.org,2422547313
196,Aylin,Stehr,hudsonmayer@raynor.info,5530093128
282,Trevion,Wiza,izabellaconsidine@mante.com,4365066381
613,Van,Bechtelar,bobbykessler@kutch.io,3507117879
415,Adela,Treutel,allyabbott@metz.org,2857488734
353,Guiseppe,Kutch,efrainemmerich@welch.net,1114768447
999,Hudson,Graham,derekhermiston@hammes.io,7825689215
603,Precious,Sanford,tiannaboyer@rau.net,5975583531
333,Dakota,Block,sarahpollich@morar.net,8966728436
244,Rosa,Swaniawski,deltaklein@collier.io,5381102846
313,Mariah,Pollich,dangelokeeling@turcotte.biz,4136166967
575,Tobin,Leannon,pariscremin@medhurst.org,9134021707
465,Sven,Keeling,israeldickinson@schumm.io,4665555913
205,Dannie,Pacocha,jeromywisozk@kris.biz,8772481572
630,Virgie,Ankunding,johnpaulnicolas@swaniawski.name,4087539502
273,Jennie,Schulist,vincenzadickens@padberg.net,3836341386
5,Carli,Powlowski,adolfostehr@waters.name,7999538077
603,Tillman,Mertz,audreycronin@orn.info,8538561561
695,Irma,Reilly,andersonroberts@collier.io,7141341322
219,Camila,Jaskolski,stanfordcruickshank@lesch.info,3217422437
530,Teagan,Gusikowski,trentonhegmann@prosacco.net,6220839542
776,Janelle,Abshire,kaylinconnelly@doyle.org,3205337490
541,Kathryne,Sawayn,brentmraz@deckow.io,6325222981
488,Karine,Prosacco,havenwintheiser@satterfield.org,5666721765
806,Vivianne,Leannon,alizelemke@kautzer.io,3628987230
498,Daphne,Jacobson,jaysonvandervort@legros.info,5134379155
3,Tavares,Casper,trevagusikowski@luettgen.name,1015543022
857,Ezequiel,Stark,mararyan@streich.io,2254142613
779,Liliana,Funk,elodyeichmann@murphy.biz,6992412664
933,Malvina,Bruen,theresiajenkins@block.io,1569660679
758,Jalyn,McLaughlin,alexandrecole@deckow.org,8789225291
456,Vladimir,Gutmann,eulahgorczany@fisher.com,8167845663
847,Merle,Bechtelar,liaorn@waters.io,9451416462
7,Simeon,Medhurst,wendellharvey@dach.com,1310514462
489,Niko,Heidenreich,ashtonzulauf@kling.io,1469272904
577,Valentina,Price,burdettecarter@lang.io,7392073482
282,Kieran,Nicolas,sincerebradtke@mcclure.io,1926527619
750,Marcelino,Cartwright,jasonwisoky@sawayn.biz,7782315795
58,Queen,Howell,shirleylesch@treutel.name,7038827824
672,Coty,Farrell,zelmamclaughlin@crist.name,5141171424
203,Hassan,Legros,trentschamberger@osinski.io,9676749966
733,Josue,Padberg,randiupton@cole.name,1657085894
461,Fannie,Lesch,alexannewill@bode.com,4574419632
341,Ibrahim,Braun,isaitillman@carter.org,4558610180
835,Sadie,Morar,genevievekub@gerhold.info,7441519341
878,Pearline,Lehner,doughilll@mcglynn.io,7809249154
682,Josiane,Kunze,willieschamberger@herman.info,2838503958
654,Eduardo,Smitham,jocelynjacobi@bernhard.biz,8552748440
263,Kathlyn,Boyer,cesarbailey@boyer.name,6504899808
491,Helen,Braun,tannerkshlerin@ondricka.name,2693621366
246,Florida,Vandervort,abdullahhills@bayer.name,7197124199
904,Felicia,Hilpert,jaynewaters@becker.com,8345973589
732,Nelda,Rippin,dorothearutherford@gusikowski.biz,3600960567
868,Francesco,Walker,lavernaborer@mitchell.biz,5426431637
647,Aimee,Turcotte,estelhomenick@botsford.biz,3356449176
987,Emerson,Bashirian,mustafahoppe@corkery.info,1520820413
803,Jayce,Conn,jaquelinehettinger@strosin.io,7321201722
2,America,Kuhn,audreylarson@rodriguez.org,2267287427
376,Corbin,Johnston,mafaldaernser@larkin.name,4851163716
850,Reese,Klein,magdalennader@legros.net,2354736230
179,Sterling,Haag,halletorphy@ritchie.biz,7935057354
220,Asia,Heller,nayelikub@torphy.info,2676728520
364,Laverne,Kessler,alenepadberg@will.biz,2601558086
220,Harrison,Terry,adalbertorussel@trantow.name,9751947340
396,Issac,Cormier,forresthintz@heidenreich.name,6006126937
418,Philip,Rogahn,garfieldharber@hahn.net,9245376600
231,Elva,Predovic,davonemmerich@abbott.com,8984076421
446,Thora,Heller,berrykuhlman@maggio.io,2966853081
647,Lorenza,Mertz,edwardoreilly@hoeger.info,2564981631
328,Lucinda,Graham,lexikoch@ledner.net,2658436107
856,Rashawn,Donnelly,lexussatterfield@dietrich.com,5950698254
266,Alvis,Upton,daxupton@schuster.info,3421398146
847,Ford,Braun,barbaragerhold@volkman.name,6401778209
238,Javonte,Medhurst,celestinorau@johnson.biz,3279895802
867,Kyle,Mosciski,jonathanjohns@kovacek.name,6280459173
442,Daija,McGlynn,odierutherford@roberts.com,4798140392
868,Coty,Johnston,frederikhartmann@dach.io,6660989717
478,Fabian,Koelpin,elinorewisoky@deckow.net,1274784814
990,Marcelle,Powlowski,rachellepowlowski@rath.name,4025453013
449,Stewart,Mueller,norberthaag@gutmann.net,4123585093
176,Catharine,Wunsch,heloisebailey@kulas.name,9084669580
846,Citlalli,Okuneva,dedricdietrich@durgan.info,8456580385
969,Nikki,Graham,johannboyer@graham.net,2849157792
650,Mallie,Heaney,melyssawolff@flatley.org,4521390395
828,Alta,Zulauf,aureliodietrich@breitenberg.io,8152516035
350,Joy,Hermiston,christawuckert@littel.org,9299532000
995,Brandon,Beier,luigiorn@nicolas.org,5485689460
440,Macey,Klein,wandamante@flatley.com,5943479950
776,Arely,Hegmann,raleighfunk@schiller.biz,3205807825
992,Wilfred,Heller,samarajacobson@gutmann.net,7238320957
353,Julius,Breitenberg,joshuabartoletti@grimes.biz,6852761884
607,Reba,Davis,edwinaschulist@dicki.org,5326895759
843,Gerard,Walker,felicitadickinson@erdman.org,9870126630
941,Sheila,Price,sylvestergusikowski@swift.com,5930067873
566,Rozella,Schultz,paytonvonrueden@cronin.org,1104236993
4,Caleigh,Hansen,darenlesch@yost.com,6424608249
966,Urban,Goyette,jeffreyrippin@bartell.com,2645850069
839,Geovanni,Weber,carliesatterfield@durgan.info,6680678872
310,Brycen,Bashirian,keltondurgan@durgan.biz,4622362295
654,Ian,Shanahan,elimoen@stoltenberg.com,4882928223
502,Alene,Prohaska,juliancorkery@effertz.biz,7209493662
285,Osbaldo,Parisian,brodymann@purdy.name,7640964213
177,Keyshawn,Ziemann,carolynterry@bins.name,2161143104
231,Maritza,Bradtke,brycenheidenreich@green.biz,8607128683
182,Iva,Marks,georgettejewess@kling.io,5151427451
268,Darrion,Pacocha,maryamschamberger@berge.name,4823464102
663,Adaline,McKenzie,emmittkilback@west.info,8941739546
84,Garrett,Hayes,dannywisozk@kuhlman.biz,7971571671
97,Darwin,Ebert,eltonstokes@howe.com,4388730191
331,Elisha,Pfeffer,lazarowindler@barton.info,8608863108
493,Jaeden,Stark,daphneypfannerstill@wunsch.info,8514542078
856,Raul,Rosenbaum,carmelodamore@hackett.io,3065167939
819,Madaline,Larson,martawhite@harber.com,4102302630
872,Wayne,Leannon,haydenturner@rath.io,4941903556
546,Turner,Ritchie,anabellebarton@williamson.name,7063065601
878,Kenton,Haley,nayelikovacek@schaden.com,4839173167
51,Enola,Kessler,dejonmurazik@ferry.com,3017307191
135,Lora,Bradtke,nicholauslueilwitz@monahan.org,2701469380
371,Oma,Bernhard,hectoremmerich@turcotte.org,4111748669
669,Ellis,Denesik,ernestbailey@baumbach.net,6570693902
432,Dortha,Marks,clemmiejacobson@hilpert.org,6323983638
444,Muriel,Bernhard,raymondhagenes@lockman.io,4358806726
848,Kristina,Kassulke,clovistorp@blanda.net,2383396808
752,Lyda,Carroll,elmoschimmel@ondricka.name,3409583704
112,Ned,Morar,renebruen@oberbrunner.biz,3507503264
24,Noelia,Huel,joaniewilkinson@kozey.biz,8518709128
313,Rico,Ledner,stuartstoltenberg@toy.net,1149258857
326,Laverne,Schmeler,sisterfunk@hessel.com,4631755032
587,Heather,Aufderhar,laurinekozey@heaney.name,6346825409
830,Gerard,Vandervort,rylanfisher@witting.org,8060105267
96,Taya,Kuphal,carolehodkiewicz@rosenbaum.name,9982439626
201,Novella,Pagac,gerardomorissette@fritsch.io,3353661305
507,Sally,Baumbach,cassiemosciski@farrell.net,9370750780
471,Lew,Green,zoilawuckert@hirthe.com,6427019237
610,Kaylin,Hand,ettieoberbrunner@schamberger.info,1669514271
360,Don,Leuschke,deltabreitenberg@jacobson.biz,1107238239
635,Ella,Casper,jaquelinelang@runte.biz,3764167275
463,Franco,Fay,adrianroberts@cummings.com,4823175709
497,Stanton,Halvorson,darianaroberts@zieme.net,6943452601
935,Lourdes,Zemlak,roscoeschroeder@stark.io,2751686146
389,Stephen,Pfannerstill,lamarmiller@rippin.biz,9737078461
706,Maurice,Christiansen,nobleokuneva@kshlerin.org,4000399543
200,Quincy,Daniel,veronaadams@hyatt.biz,8669632029
974,Gayle,Pouros,brennabeatty@kreiger.org,7440044576
147,Juvenal,Sawayn,hobartgrant@boehm.name,9307305796
753,Brennon,Lang,robertojacobi@sipes.name,7304008455
747,Moshe,Jewess,adriannahuels@leannon.io,2686216788
653,Brent,Stracke,claudbahringer@feest.biz,3641729296
294,Cornell,Lang,carolyneherman@simonis.com,2903995471
911,Janick,Rutherford,robbmacejkovic@stanton.com,2817640442
967,Gayle,Little,marjorydeckow@kihn.org,6667979387
38,Rigoberto,Damore,novellapollich@swaniawski.com,1682136577
253,Hosea,Gottlieb,wymanryan@lindgren.biz,3880069812
86,Vivianne,Berge,candacecarroll@langosh.org,5493506277
96,Virginia,Tremblay,charleytorphy@dooley.com,3108882527
136,Johnathan,Quigley,sterlingjaskolski@bogisich.com,9591120353
678,Angelita,Rempel,majorhalvorson@wehner.name,3261725061
898,Kaitlin,Hammes,danniejast@fahey.net,6612615454
663,Lavinia,Reichert,wavadach@keebler.net,7726540108
209,Hermann,Lesch,breanaschaden@zieme.io,5121844102
350,Rebecca,Rosenbaum,aimeeadams@harvey.net,2532924140
288,Naomi,Larson,princessroob@pouros.com,8977314607
817,Vincenza,Feeney,willowkeebler@zieme.org,2625391985
352,Margarete,Bernhard,cassidyrenner@rowe.name,7105168294
889,Frida,Goodwin,nettiekertzmann@gusikowski.io,3024397830
723,Arturo,Schuster,stanleylubowitz@baumbach.info,9884193032
348,Muhammad,Quitzon,emmanuelmcclure@mills.net,2385195872
315,Marie,Schulist,karinekirlin@koch.org,1829846128
351,Stanton,Kuhlman,ryanfahey@berge.net,4416690418
779,Anjali,Johns,tianatoy@hegmann.net,3693136715
733,Lula,Borer,daisydietrich@larkin.net,7256633560
257,Maurine,Grimes,alvertaspencer@reynolds.name,1956839091
267,Emelie,Langworth,everettthompson@gleichner.biz,9583667202
182,Shayne,Dooley,freddyheathcote@mcdermott.org,8297792943
549,Cierra,Smitham,naomiturcotte@beatty.org,8144069647
807,Meggie,Walsh,elzabrekke@mccullough.info,3036839099
165,Jazlyn,Lynch,lurlinebrekke@schowalter.io,5095264643
898,Nadia,Dare,audreyrobel@jacobs.io,1167495315
394,Viola,Hackett,bridiewalker@stokes.info,7579327792
147,Isabell,Kshlerin,ivahgrant@goodwin.net,6888550484
463,Richard,Rempel,trudiekuhic@schultz.net,5745963330
677,Carmella,Reichel,clemensfeeney@sipes.net,4378191094
937,Green,Monahan,bethanycrooks@grant.name,3179582227
739,Tremayne,Rice,ezequielweissnat@deckow.org,4713895320
216,Roosevelt,Hayes,jaimewhite@fritsch.io,5436504323
600,Clinton,Barrows,lowellyost@prohaska.io,7786873477
600,Shanelle,Ziemann,joanamckenzie@fay.biz,5973681541
780,Consuelo,Hartmann,timmyturcotte@moen.biz,8930067751
990,Cody,Jerde,donnazulauf@monahan.info,9811273843
190,Jevon,Cormier,theronkunze@klein.net,2262440974
255,Jaida,Feil,aaliyahhowell@boehm.io,6632869367
287,Charles,Carroll,harmonymedhurst@mcdermott.io,8766273374
328,Shany,Barton,helenharvey@mcdermott.name,8832808747
627,Justine,Cassin,violetcremin@becker.org,8802500204
551,Iva,Kertzmann,trevaleannon@ferry.com,8860341531
144,Sarina,Gislason,wileykoss@prohaska.info,1819937935
755,Lizeth,Trantow,kayleymclaughlin@ritchie.biz,3725311114
379,Katrine,Schaden,donnieprohaska@simonis.org,4677106630
992,Justice,Thiel,darienschneider@lebsack.biz,2504876255
515,Amely,Kerluke,dexterharber@bechtelar.biz,9524038180
344,Kendrick,Maggio,margarettehermiston@heathcote.io,9690994681
68,Rocky,Kessler,dudleykoss@rath.net,5232098011
645,Hilma,Greenholt,zakarymacejkovic@schuster.io,2272868759
834,Brice,Will,leonereynolds@dietrich.io,7615609036
700,Mack,Barton,huldacrona@bartell.io,8097095182
260,Eileen,Walker,anjaliwuckert@littel.io,5454426621
559,Durward,Halvorson,keirasmith@carter.info,2302713447
658,Shaina,Vandervort,adalbertoreichel@mante.net,6043065859
882,Esta,Hermann,stephonhane@schowalter.com,1765676356
620,Ernestine,Lesch,mitchellkerluke@walter.com,2620522861
243,Ladarius,Huel,rahsaanbaumbach@boehm.com,2364430166
168,Alyce,Becker,rileyharber@durgan.io,9243363462
127,Destini,Brakus,mireillebatz@orn.net,4205490898
132,Mozelle,Gaylord,freddielakin@metz.org,4014775786
500,Deonte,Schultz,brauliofeil@hilpert.org,7900436844
152,Eloise,Renner,kathrynegreen@schuster.name,9631675450
996,Kayli,Watsica,bentillman@corkery.net,8775790160
364,George,Klein,aureliagottlieb@murray.biz,6167030446
445,May,Moen,helenahuels@stark.biz,2024085309
598,Lavern,McDermott,brianwatsica@renner.com,7141238980
186,Jamie,Carter,westleyrenner@hermiston.com,2830380129
893,Gustave,Ryan,scottiequitzon@bernier.org,2624317499
374,Don,Beier,mathewkertzmann@farrell.info,5169753686
192,Kaleb,Metz,jaycedavis@weimann.name,3413068619
29,Marley,Price,raylabadie@herman.biz,1603292684
801,Garland,Beer,edythewolff@crona.name,2765212898
144,Ebba,Romaguera,rachelgrimes@cremin.com,2425683055
47,Jennings,Upton,elouisegleichner@bednar.com,7279445205
69,Jordane,OReilly,loniegraham@langosh.org,1828288560
240,Bradly,Dooley,danielleschumm@emard.io,3293519875
688,Gilberto,Fay,judahprosacco@trantow.com,2072975532
511,Richie,Smitham,kylieyost@mcclure.name,2782434662
251,Jared,Murray,jamilsmitham@hauck.org,4504080270
934,Vaughn,Haley,ettiekoss@hauck.net,2798418709
518,Theodore,Collier,edythemiller@reilly.info,8741529183
800,Kayley,Altenwerth,dantehackett@barrows.org,2794208292
518,Geraldine,Schmeler,sandrinewunsch@jacobson.net,4506095451
709,Elwin,Predovic,olinbeer@grimes.org,6199673562
246,Sandy,Bailey,robertsmith@dicki.org,6111522196
687,Arielle,Casper,gwendolynveum@keebler.name,2221784501
505,Vita,Herman,reynajohns@farrell.io,7908558906
719,Jonatan,Kozey,adellnikolaus@littel.net,6086563373
85,Allie,Pacocha,antoinettelakin@mckenzie.com,4317976399
655,Floyd,Nolan,murieleichmann@cassin.com,4925907817
634,Amari,Ebert,letareichel@skiles.com,1237652022
835,Sydnee,Leffler,angelsawayn@dubuque.info,9362231061
877,Norene,Lebsack,cleoglover@farrell.io,7121484546
799,Rey,Kovacek,leraaufderhar@stiedemann.com,3487337523
156,Aaron,Gibson,brendenreilly@paucek.io,2144415549
751,Brielle,Feeney,miareichert@towne.net,9655191968
146,Melyssa,Gerhold,bertrandwisozk@baumbach.org,8272589575
453,Fabiola,Howe,alexandrokuphal@metz.info,4137333376
471,Isabell,Bode,sincerereinger@treutel.info,4184179007
124,Dulce,Mann,fridagulgowski@doyle.info,3472505462
102,Raymond,Ryan,quinnmosciski@stanton.com,9812505792
317,Olga,Jaskolski,alverarath@reynolds.io,8090572233
463,Dean,Bechtelar,elizabethreinger@christiansen.com,5560350597
624,Regan,Effertz,faymayert@johnston.name,3903821440
329,Marjorie,Heidenreich,eunicelittle@ebert.com,4562059334
648,Daryl,Steuber,madisonwyman@barton.org,3446835977
968,Liliane,Auer,bradleyhermann@abbott.org,1461724418
100,Lacey,Funk,bettehammes@kovacek.biz,3651463534
592,Tania,Dach,catherinewilderman@moore.com,6526954484
219,Jean,Purdy,leohauck@goodwin.net,4013834836
84,Jedediah,King,adolfobarrows@weber.com,6063035884
251,Sean,Champlin,luisakilback@pfannerstill.net,6535478018
524,Bernard,Howe,wadepaucek@schmitt.io,5407165405
729,Audreanne,Corwin,rosettafritsch@moen.biz,4989695121
252,Curtis,Klocko,crawforddenesik@ferry.com,5707003265
419,Aron,Connelly,monserratbednar@thiel.io,4374394797
162,Bradley,Schuppe,ronnyosinski@nicolas.name,9635639328
838,Brian,Littel,brodericklegros@herzog.info,8633595984
304,Tess,Legros,eldonschroeder@mann.biz,7624327823
817,Modesto,Willms,eulajohnson@bergnaum.biz,5726307549
15,Russell,Quitzon,elisemoen@bergstrom.net,1354307605
340,Kathryne,Hoppe,merrittrunte@macejkovic.info,3582500895
410,Henriette,Little,andremurazik@gislason.io,5039704609
705,Nayeli,McLaughlin,rogeliomarquardt@miller.io,9901928667
906,Ramona,Jewess,quentinrobel@zulauf.info,3009481425
411,Angelita,Block,daphnemueller@lang.biz,7617567253
721,Elody,Ledner,oscarrath@sauer.info,7993642930
124,Crawford,Feest,geomorissette@koelpin.biz,1278838300
412,Vinnie,Grant,austinjones@treutel.com,8374061652
726,Lessie,Blick,jaronmitchell@jones.io,6894859326
374,Alexandro,Block,bernicemitchell@ullrich.com,2599554663
1,Scotty,Trantow,adolphusbailey@luettgen.info,3991023659
942,Alexys,Gutmann,raehirthe@kuhlman.com,8337555518
388,Pat,Kub,daishagoodwin@beahan.com,3877047014
545,Ottilie,Cartwright,jaidamante@zboncak.net,5258680704
218,Vance,Botsford,nedrodriguez@hammes.org,2404383946
513,Gordon,Balistreri,josiannebogan@boyle.org,6511616250
96,Lewis,Hickle,nathanielbarrows@wunsch.net,7398539422
855,Russell,Cole,scottyking@kutch.io,5384362516
503,Colten,Reinger,barrettcrist@halvorson.io,7532015152
906,Mathew,Eichmann,rosalindakunze@schmeler.biz,9415967825
671,Doug,Bechtelar,emilianobuckridge@ryan.net,5929221801
694,Corine,Tromp,bobbystehr@lockman.io,6167530418
777,Nicholas,White,kyleesipes@kuvalis.name,5960832262
50,Maverick,Kiehn,stevebecker@king.com,7232924053
59,Olaf,Jerde,herminabrown@feil.net,9939958242
967,Krystina,Hudson,tessmurazik@kertzmann.info,5649770328
759,Alicia,Schuster,jadadach@keebler.io,8858520892
382,Raphael,Leuschke,aryannaortiz@kunde.net,1365634477
928,Susana,Toy,lilianemcdermott@kassulke.io,6964613791
325,Judy,Hand,tressiewatsica@grimes.com,8325700247
408,Nellie,Kuhic,rhiannoncollins@bruen.name,8580699780
990,Dallin,Mitchell,leonardokirlin@lang.biz,4503797023
689,Leonie,Spinka,lexigleason@jacobs.net,7796433829
918,Winnifred,Hartmann,jewellnolan@leuschke.org,1048153836
866,Jada,Runolfsdottir,hailieeichmann@rippin.com,8678753515
889,Hillary,Gutkowski,floyromaguera@bode.info,1215900431
228,Curtis,Nikolaus,presleyjohnston@dietrich.net,5631963859
784,Sidney,Oberbrunner,elnoraweimann@walsh.info,8125332717
408,Dan,Gerlach,mistyferry@prosacco.name,3744593035
990,Eda,Streich,treverbrekke@ledner.net,1966925386
378,Whitney,Wiza,jazmynehansen@kshlerin.name,6500810292
747,Alexandro,Steuber,pascalekerluke@schmitt.io,6954527294
392,Jaeden,Kuhic,aydenmcglynn@considine.info,4152514892
621,Thomas,Streich,janiyawiza@hessel.com,7981180293
976,Alanis,White,lurlinefay@kuhlman.biz,2320806130
560,Giuseppe,Runolfsson,linamonahan@ratke.org,4957216183
334,Anastasia,Goodwin,ashtonreinger@collins.com,6003760884
778,Fred,Aufderhar,sallielowe@lockman.org,5982057800
422,Rhea,Becker,serenitymurazik@jakubowski.net,3133634739
300,Danika,Hodkiewicz,anahiortiz@orn.biz,7346722086
487,Cole,Farrell,alejandrakris@cartwright.io,2806066110
496,Lauryn,Romaguera,gaylordhartmann@batz.info,4932576301
568,Travon,Jones,torrancekovacek@purdy.net,2967132007
256,Zita,Hickle,dionreichel@jacobson.name,4101667817
470,Maureen,Veum,jamilbradtke@little.net,4893332359
280,Darrin,Morar,sterlingfritsch@wehner.com,1480646262
598,Celia,Gulgowski,quintenrodriguez@padberg.com,5435197743
315,Destany,Cummerata,kearamurphy@gorczany.io,3328607698
43,Wilburn,Corwin,sandrinekoss@hintz.org,7015040789
102,Juana,Wilkinson,dallasbruen@kling.name,4416739355
14,Monserrate,Marquardt,maximiliankuhlman@connelly.name,8772256534
933,Brent,Altenwerth,wilmaschroeder@emmerich.info,2551218354
785,Kathleen,Cole,angiewilliamson@hamill.biz,8371982938
639,Camryn,Tillman,cathyhudson@bergnaum.info,8038710889
519,Alison,Botsford,raleighbogisich@kassulke.biz,5032464294
397,Felipe,Macejkovic,rosettakulas@hickle.biz,4404925364
660,Flavio,Kuphal,vicenterobel@bauch.name,8604201383
943,Kailey,Klein,lazaroparisian@hand.name,8303848462
168,Imogene,Ledner,ewelldickens@kulas.info,5604625025
525,Modesto,Runolfsdottir,shadhalvorson@heidenreich.info,7766340957
489,Jovani,Kreiger,marielaoberbrunner@goodwin.name,4898931001
433,Freeda,Wisozk,ephraimfeil@williamson.net,5692016876
833,Drake,Kassulke,orangibson@mayert.net,3974521148
466,Jerad,Robel,leliakoss@langosh.biz,3022564021
662,Jonathan,Wolff,nedrasmitham@cole.com,7307049131
523,Agnes,Damore,mathiasgaylord@doyle.name,1844135930
969,Berniece,Gislason,sadyeweimann@rath.biz,1386083914
701,Rosina,Zboncak,rafaelapollich@anderson.io,2952741785
286,Catharine,Blanda,keondoyle@graham.name,8919097788
598,Bryana,Balistreri,angelahickle@morissette.com,1572138805
32,Tyrese,Collins,fernandoosinski@smitham.info,6001590344
965,Myrtis,Hauck,giuseppemann@steuber.org,8968666125
651,Nicholas,Lebsack,rahsaanquigley@glover.io,5655338262
242,Eleanore,Spencer,clintonstrosin@pollich.io,6110631208
287,Emmanuelle,Beier,madonnaeichmann@jacobson.name,2684563875
331,Watson,Weissnat,francokoepp@roob.net,6369426206
579,Madaline,Stiedemann,irvingabbott@erdman.info,8350886357
663,Aidan,Bradtke,martyhand@cruickshank.io,8733024489
196,Mateo,Orn,adelagislason@heidenreich.io,5315262233
433,Annalise,Corkery,adanmitchell@lakin.org,4774226579
747,Palma,Lang,karleestokes@walter.com,5329919015
664,Howell,White,queeniefisher@funk.io,7813310971
337,Lewis,Smith,shanellepagac@durgan.org,7693955875
569,Tiffany,Emard,gavinbartell@okuneva.net,3280941547
836,Bria,Dach,electadicki@legros.biz,8826778664
502,Lorine,Bednar,berylmiller@turner.info,6320662673
300,Arthur,Little,maestehr@botsford.name,1636533669
821,Novella,Kiehn,charlottemarvin@kuvalis.info,5307578298
616,Margarett,Adams,hollypaucek@sauer.com,5744341581
447,Etha,Huels,sethtremblay@friesen.org,9399684312
664,Amie,Bashirian,rockylubowitz@schmidt.name,6433637257
98,Karianne,Torp,medawaters@smith.name,2197986069
104,Name,Gislason,audreanneflatley@zboncak.com,2832570040
208,Erwin,Weissnat,rolandoondricka@pacocha.io,4059226508
577,Marc,Goodwin,princehettinger@cremin.info,3516951882
865,Emmet,Zieme,merlemertz@jenkins.name,6513923214
586,Patsy,Pacocha,verlawuckert@graham.net,5523040310
475,Larue,Walsh,danniekautzer@deckow.io,8195292161
797,Emilia,DuBuque,emeliakiehn@roberts.net,7534764053
103,Ethan,Kris,stewartleannon@cronin.com,2342419476
774,Michale,Toy,eleonoreullrich@trantow.com,1151174329
185,Ruth,McGlynn,newelleichmann@carter.net,8939217464
412,Theron,Kuvalis,corenevolkman@schinner.com,3077201613
724,Anne,Tillman,lennapfeffer@hessel.info,2475745057
846,Werner,Nikolaus,sheanolan@stroman.info,8533362859
645,Macy,Schuppe,isacmcclure@welch.com,6292096107
81,Rigoberto,Blick,ahmedeffertz@wehner.com,4397760063
598,Shane,Hirthe,santinasmith@mann.biz,5921780966
212,Antwan,Wyman,jaidensimonis@maggio.info,6357258557
409,Alek,Ondricka,lupemaggio@yost.org,2229552603
58,Rocio,Kertzmann,serenityankunding@stoltenberg.org,4772264909
412,Jairo,Daniel,wandanader@white.org,8077087217
527,Carli,Torp,ayanabashirian@herman.org,2268349443
936,Rudolph,Pacocha,dollyshanahan@balistreri.biz,6328977045
748,Bennett,Rolfson,clareheidenreich@cummerata.com,3210939904
922,Antonio,Cummings,ottisdurgan@koepp.io,4505002803
607,Lonzo,Huel,savionspencer@nader.biz,8375528451
179,Hester,Bartell,elimayer@fisher.biz,2409243749
610,Mackenzie,Goyette,roycemaggio@berge.biz,4286966722
352,Cassandre,Schmidt,noemarks@dicki.name,2283217606
638,Dovie,Deckow,ephraimroberts@mitchell.org,4873720392
90,Della,Kuphal,emorysmith@okuneva.info,3078538426
556,Una,Goyette,itzelabernathy@gislason.info,8001904227
7,Lisa,Thompson,charlottevandervort@ward.net,4775257811
797,Tod,Metz,ethaheidenreich@reichert.org,5514295244
519,Damion,Johns,orlomoore@oberbrunner.net,5227597202
431,Lisette,Baumbach,valentincasper@gulgowski.biz,5754988203
805,Edythe,Pouros,zolagoldner@hartmann.org,5678676581
349,Elisha,Cremin,dorthastanton@armstrong.name,9798138860
688,Wilford,Pouros,ryleeolson@farrell.net,3840390507
55,Tyrique,Cassin,juddemmerich@pollich.info,9422268558
127,Vernie,Gleason,earlinequigley@keeling.name,1673689476
321,Tamia,Koss,irwinschultz@hodkiewicz.io,4372884260
375,Lupe,McCullough,heathermoen@gottlieb.com,1704755602
341,Amina,Breitenberg,karliekonopelski@reichert.name,4950632566
104,Tamara,Kling,lolamayert@damore.io,4303677318
781,Alverta,Mayer,bettiehilpert@torphy.io,5882719616
190,Pearlie,Powlowski,julietborer@shanahan.org,2004772349
510,Brant,Aufderhar,rosamacejkovic@barton.name,1349157775
62,Devon,Ward,ahmadkling@legros.net,1617156442
583,Blanca,Weissnat,paulapollich@legros.io,5192025388
212,Chandler,Heller,adellemckenzie@streich.org,5270405909
596,Ashly,Morissette,destinyrunolfsson@daniel.info,4778819257
647,Daphne,Ankunding,hilmagraham@bosco.io,2436435188
103,Taya,Orn,kaelynherman@runolfsson.org,8487315759
969,Michael,Waelchi,providencihane@pouros.net,6495649234
210,Maria,Gulgowski,emilkemmer@swift.net,4320603989
363,Ova,Lang,okeymayert@marvin.com,3401415142
487,Tatum,Huels,ruthgusikowski@carroll.com,8274841973
521,Julien,Langosh,ericherzog@kozey.name,4529011109
64,Jasen,Konopelski,thadlindgren@littel.net,4595574990
80,Callie,Runte,eldaaltenwerth@paucek.name,2977262228
969,Curt,Hane,malvinakemmer@tremblay.biz,6662579985
33,Mckayla,Barton,adolphuskrajcik@conn.io,2401343889
814,Janie,Fay,ansellesch@keebler.com,4475117111
138,Adriel,Waelchi,reaganrodriguez@larson.org,9855183039
423,Ora,Marquardt,eloisabradtke@waters.org,5833075982
722,Joseph,Leannon,lylawindler@reichel.info,1949367210
206,Elza,Green,emilianowest@zemlak.io,4134698074
437,Tre,Nienow,emiliolegros@schiller.info,5512567564
969,Derick,Balistreri,ryleighwhite@thiel.name,2088598247
683,Allan,Armstrong,maureenkemmer@gottlieb.org,6694857152
569,Gay,Nader,jessicaferry@mosciski.net,7789692926
801,Freida,Kreiger,nathanaelreilly@turner.com,1702761244
876,Terrill,Walsh,jonathontremblay@wisoky.io,5544036378
871,Brooks,Cole,wainomertz@kuhic.net,6490163019
31,Idell,Strosin,haleynolan@wiegand.com,2460673592
417,Paris,Nicolas,zenahane@sauer.info,2893362143
603,Alejandrin,Konopelski,wilhelmkassulke@wolff.org,5921109826
311,Gabriel,Quitzon,jomoen@murphy.com,5764867297
871,Rollin,Sporer,clementinahamill@heller.com,1249521139
988,Daphney,Blanda,eloyrice@heller.name,3142422723
974,Bria,Toy,bobbieoberbrunner@lynch.org,9540215999
969,Tobin,Vandervort,dollykutch@quigley.biz,8443051277
735,Shaun,Brown,madisyngreenfelder@corkery.net,6289747074
282,Damian,Kuvalis,silasturcotte@labadie.io,3903799610
97,Kelsi,Kris,emiliatromp@blanda.com,2687148934
661,Sibyl,Crooks,emilyprohaska@marquardt.name,8891928146
969,Mauricio,Olson,chelsiemetz@moore.org,5946720263
296,Walter,Dooley,lindseyschaefer@jones.com,6261560282
917,Herminio,Schoen,meaghanhilpert@orn.com,6536428467
859,Lester,Kessler,caylahickle@wyman.com,9186188471
321,Bertram,Turner,angelicalangosh@bayer.info,9157368021
506,Leila,Goodwin,daynamarquardt@connelly.biz,7424225487
305,Kayli,Ward,adelbertboyle@botsford.org,2585385776
410,Candida,Thompson,bessiekilback@bradtke.io,5698951592
586,Reba,Kessler,clairmoore@kris.org,2136001758
695,Kurt,Hamill,elizabethjacobs@buckridge.info,7544121010
990,Deron,Collins,deronmcclure@stamm.com,9050357034
24,Joaquin,Goldner,lucianostamm@steuber.net,6935994849
341,Cynthia,West,jaroncummerata@gusikowski.name,6731713692
811,Eryn,Maggio,vladimirdamore@weissnat.name,8651825195
898,Judd,Lakin,dangeloebert@williamson.net,3163024585
210,Ryann,Grant,ronnymoore@corwin.io,6800359164
709,Polly,Hyatt,americomccullough@hammes.biz,3491338878
874,Javon,Turcotte,verlalarson@price.name,3505758954
598,Fae,Moen,richiestokes@jacobi.com,4477678089
738,Adolf,Tromp,valentineherzog@koss.name,3635818452
542,Golda,Kub,santinocarroll@kemmer.info,2319464947
634,Grayson,Flatley,winonacarter@lockman.info,5089080427
151,Dayana,Batz,molliekutch@labadie.org,1985660015
430,Macie,Reilly,louwuckert@bins.net,9991993952
334,Adela,Bergstrom,selinapadberg@howell.com,4662981217
857,Rashawn,Bogan,susanahermann@marks.name,9098952270
174,Rosalind,Turner,jamieeichmann@casper.com,4918658725
697,Liam,Bode,juwanhettinger@hahn.name,1615500984
627,Emmitt,Stiedemann,margiebuckridge@mraz.name,7999178624
757,Elisa,Rodriguez,deondrestoltenberg@mcclure.org,6268412037
762,Chelsey,Collier,ellsworthveum@dietrich.info,9018298602
555,Heath,Volkman,idellwolff@funk.net,9028907104
697,Judd,Quigley,greysonbergstrom@schultz.name,5178743090
317,Rocky,Gaylord,patrickkovacek@jast.name,3232641193
963,Buddy,Botsford,leilaniboehm@murray.net,6462265524
99,Hulda,Collins,kaleadams@reynolds.io,5107297075
406,Jayson,Fay,paytonbeatty@steuber.io,2380291769
758,Norberto,Cormier,delbertabbott@schultz.info,7371646362
606,Halle,Rolfson,reesedooley@douglas.biz,9664469409
408,Hans,Hermann,kimwhite@murazik.name,7674240062
257,Rey,Johnson,tiannabrekke@wiza.org,4706401585
515,Kamren,Simonis,inesschulist@lakin.net,6777386400
962,Rowland,Gerhold,earnestcummings@dietrich.net,1984748247
878,Kade,Wilderman,alexandriaabshire@kuhlman.biz,3107295440
792,Carlotta,McDermott,carminevolkman@renner.net,9659797762
20,Willard,West,mauriciomraz@botsford.io,9370641311
256,Gisselle,Predovic,katherinekuvalis@kilback.info,6365838929
990,Saige,Rempel,myrtlekuvalis@barton.io,4987910243
160,Rashawn,Waters,josuecarroll@legros.info,5961881058
868,Arielle,Yundt,jackyhodkiewicz@raynor.biz,5305358438
281,Karolann,Upton,dominicbradtke@cronin.io,2571546090
637,Jovan,Simonis,harrycrona@bailey.name,4842761686
862,Khalil,Armstrong,cristaljewess@mohr.org,2615447362
841,Floy,Johnson,terrystark@shields.com,7939032001
92,Barbara,Ankunding,faecasper@kiehn.biz,2464626955
404,Mireille,Beer,americaschiller@mckenzie.biz,1397974980
540,Hayden,Bernhard,anjalipollich@morissette.org,6389039192
353,Princess,Willms,celestinerogahn@mills.info,3948976203
634,Barton,Willms,ezekieljenkins@cormier.biz,1036986891
860,Arlo,Windler,norrisreinger@ziemann.info,5653315804
68,Heaven,Runolfsson,felicitafeest@mills.org,3046642053
901,Elwin,Terry,meredithmcclure@blanda.io,3304938198
332,Stevie,Kreiger,aureliezemlak@nader.net,6531627955
994,Brisa,McLaughlin,americogleichner@keebler.name,5036861087
59,Lynn,Tillman,ferntreutel@hettinger.biz,7239243458
860,Mariah,Kautzer,berrybernier@bechtelar.com,2121315126
388,Allie,Franecki,arturodonnelly@hagenes.io,8573630125
972,Vinnie,Strosin,harmonysauer@breitenberg.info,8530128371
905,Dedrick,Yost,baileerenner@hansen.com,3187437773
858,Fay,Goodwin,neilpadberg@boyer.com,8828470789
268,Vincenzo,Gibson,easterberge@bailey.org,2685387288
833,Lily,Schmitt,danhuels@parisian.org,3196560477
263,Coby,Bogan,marcelohettinger@schuppe.org,2326944488
470,Jordan,Crooks,bryceadams@greenfelder.com,1666314185
910,Kimberly,Hudson,brigittebashirian@sporer.com,7735613207
86,Javier,Reilly,franzwaelchi@herzog.com,7550955382
544,Raymond,Lind,venashields@hegmann.biz,9112324377
929,Stefanie,Cummerata,gilesledner@beahan.org,6833650552
813,Idella,Turner,laceywatsica@hegmann.io,6021120591
667,Desiree,Smith,zacheryvandervort@mayer.info,3146792354
994,Felicita,Lakin,chloeconnelly@bernier.org,3505157158
942,Jacinthe,Hickle,luisbartell@hilpert.com,8466303654
277,Manuela,Wyman,reinholdmills@dickens.biz,8763832662
736,Ottis,Satterfield,paxtonhilll@howe.biz,2161865855
835,Roderick,Gaylord,kamillewitting@wilderman.org,4978305681
99,Major,Stiedemann,erwincruickshank@koss.com,7569564852
981,Precious,Mosciski,wilberthettinger@emard.com,8787992010
459,Luciano,McCullough,imaniadams@mante.name,6995684882
935,Nichole,Zieme,haileykovacek@goyette.info,1810225622
317,Alize,Maggio,tremaynekuphal@lindgren.org,6980680407
487,Ava,Abernathy,agnesdeckow@harris.info,4991913415
540,Bernhard,Zboncak,queenieswaniawski@cremin.info,2750132962
249,Keagan,Ledner,judsonmurazik@kuhn.io,9215513369
914,Rosamond,Schuppe,shanonconnelly@mann.biz,4346926153
31,Stephania,Graham,felicitaschaden@bogan.io,3834090716
434,Devante,Klocko,adriennemcdermott@turner.io,1050677207
174,Yazmin,Mante,luesipes@langworth.net,4750120879
633,Ashly,Wolf,yazminreinger@walker.org,2944942175
23,Imogene,Cole,ignatiuswiegand@lind.org,9842764953
862,Agustina,Lemke,learoberts@gutmann.name,1296043253
582,Chesley,Willms,chaunceystracke@jerde.com,4167054343
245,Golden,Watsica,emielynch@king.net,9174888813
778,Leif,Vandervort,darrengerlach@carter.net,7125884076
521,Letha,Mosciski,ignaciomcdermott@hackett.name,1193999996
559,Eusebio,Kuhn,lavadakoelpin@terry.name,4864793873
548,Aurelie,Sauer,devenledner@schiller.org,2479852611
309,Nathan,Wisoky,danialbecker@collier.name,5689362202
983,Madisen,Stark,oralgreen@mccullough.name,8742579991
325,Modesta,Wintheiser,harmonnolan@langosh.name,3521652072
119,Theodora,Douglas,lindseykuhn@hilll.name,3611746011
540,Arielle,Wilkinson,jalynstanton@nienow.io,6791903734
427,Michelle,Stark,jenniferkuphal@zulauf.org,2619312571
814,Norval,Bernhard,jamaltillman@turner.net,8044816154
589,Anabel,Jaskolski,yolandarussel@bode.name,5758822357
949,Tina,Luettgen,faustokeebler@lindgren.org,6706067869
120,Elroy,Spinka,angieturner@brown.name,8685932509
294,Hayden,Langworth,layneondricka@kozey.biz,3685011507
848,Deion,Swaniawski,cotygorczany@davis.name,2748568807
790,Ben,Glover,lucieshields@robel.biz,1898696563
363,Daniella,Kerluke,reggieryan@orn.org,7070439694
110,Wilhelmine,Roberts,brookskoch@jacobson.net,9756831638
412,Kody,Bruen,jarvislindgren@gleason.com,6422071191
685,Marlen,Ortiz,justicerenner@collier.net,3910204602
62,Ozella,Haley,nicolettespinka@brakus.name,5541628820
387,Jameson,Schultz,brandokertzmann@romaguera.name,4534542111
924,Khalid,Weissnat,caylawaters@witting.net,2403461669
755,Retha,Leffler,kelleydouglas@roob.com,3279156992
596,Herman,Casper,fridakemmer@ruecker.net,6744233544
235,Jamel,Eichmann,dollyrogahn@reilly.name,3264429017
945,Berry,Kohler,kayliewaelchi@dach.io,1229859694
377,Jaiden,Roberts,havensmith@heaney.name,4346078897
898,Tyshawn,Cassin,shakiradach@huel.info,8155985537
280,Rick,Mayert,elinorkreiger@kautzer.name,5774827511
301,Tito,Schuster,jasperwalker@lebsack.net,5603813193
322,Sunny,McKenzie,michealstiedemann@koch.io,1641903739
144,Catalina,Hudson,idellahaley@ankunding.com,1521812457
865,Boris,Streich,bransonkonopelski@conn.com,3202380346
741,Columbus,Stokes,yvonneconsidine@gutmann.org,7570159075
54,Mortimer,Bechtelar,maidaskiles@carter.com,3782118106
613,Eliezer,Gleichner,anastacioratke@ankunding.biz,5351765294
906,Pamela,Fay,kathrynking@bode.name,2139610266
540,Leila,Bayer,chelsiewilliamson@kunde.name,3692848714
144,Robin,Wilderman,demondwhite@aufderhar.org,3724541313
836,Allen,Funk,monserrateyost@sipes.name,7889987430
72,Roxanne,Sanford,jamarkreiger@ortiz.net,3553336810
473,Cathryn,Simonis,emelydurgan@rogahn.net,3649211330
524,Zola,Hettinger,bridgettearmstrong@braun.org,8019028042
695,Alvis,Streich,sidkunde@olson.name,6208876215
182,Quincy,Hilpert,quinnschultz@muller.biz,1264494599
131,Marcelo,Hickle,dannyrunolfsson@hoeger.org,3514399521
779,Nellie,McClure,bettyethompson@murazik.com,8868546027
670,Tomas,Shanahan,vinnierau@thiel.com,4768002677
122,Lois,Windler,marcusfeil@zemlak.com,6170498104
435,Maximillian,Blick,conradbashirian@schiller.name,7742104331
146,Markus,Hills,tinadaugherty@kassulke.biz,8345350986
539,Earnestine,Tillman,amariratke@mohr.io,3707790316
547,Marlee,Corkery,herbertward@champlin.com,7694625979
334,Alvena,Lesch,jovaniquitzon@sauer.io,3494113286
397,Mittie,Bednar,fernluettgen@fadel.org,4598727412
530,Nakia,Schneider,marilynevolkman@kohler.org,5731554465
981,Misael,Ullrich,dangelohuel@torphy.net,6569924460
506,Greta,Hirthe,jovanirodriguez@schneider.net,8243467720
574,Davon,Bashirian,queenielegros@baumbach.info,5005704052
370,Mikel,West,merlebeahan@williamson.info,8394408269
871,Soledad,Block,adelaullrich@brown.biz,6163930883
855,Brent,Baumbach,savanahconroy@hermiston.biz,7955274125
382,Rhea,Lesch,willabruen@moen.org,4974538086
181,Brionna,Welch,ramonahegmann@walker.biz,2237944053
907,Cheyenne,Sanford,emmetjones@jacobs.io,3828509080
344,Verlie,Kling,annabelanderson@rowe.info,6031245957
849,Cora,Blanda,lilliantoy@kozey.info,9307908610
893,Kaia,Waelchi,jameybogan@bartell.net,4827720672
988,Luciano,Hodkiewicz,loyhauck@prosacco.org,4844848422
931,Annabelle,Pacocha,earlenewolf@eichmann.net,4039078790
907,Celia,Hegmann,gastonondricka@carroll.biz,5729453468
135,Enos,Parker,kittypurdy@zieme.info,3839388128
505,Joyce,Mertz,theodorehessel@heller.io,5780820478
793,Mathew,Hane,kamronrohan@rutherford.net,6080469093
75,Kaylee,Boyle,sebastianpollich@ankunding.name,4924889372
928,Joe,Parisian,augustatoy@kohler.info,2465297140
575,Eula,Rutherford,vancepowlowski@muller.io,7616506417
211,Nikko,Robel,tristinkeebler@yost.info,4862730404
766,Fannie,Schneider,jovannymccullough@dach.info,9113005281
378,Terrance,Beer,garryfranecki@bins.com,1855658820
910,Heber,Wehner,tobinoberbrunner@romaguera.net,9381192638
385,Grady,Feest,meredithcollier@hessel.io,1212652676
569,Reva,Heaney,bucklittle@kutch.name,3149125279
74,Myrtis,Sawayn,margueriteward@spencer.io,6554524609
120,Cecile,Crist,luigidouglas@boyle.name,3908429306
608,Marlin,Grant,marcuslebsack@boyle.biz,6676689595
671,Carlotta,Schaefer,enawhite@abernathy.com,3572110597
528,Ernestine,Dickinson,montanalakin@maggio.name,1469235125
157,Effie,Bogisich,blaiseyost@haley.io,6243214903
913,Frances,Hammes,marioschulist@emard.io,2716279648
866,Uriah,Homenick,russsmitham@torp.org,8155888831
511,Toy,Rutherford,mikeroob@kertzmann.name,8738906016
524,Kelly,Hermann,kathrynbernhard@gottlieb.net,4263189291
757,Orlo,Schoen,mylenerau@lemke.com,3490618747
702,Lazaro,Robel,oletacole@torphy.org,9500440323
913,Milo,Friesen,darrionmorar@kohler.com,3543267746
213,Roger,Greenfelder,cicerobreitenberg@west.name,4720594656
783,Randall,Schroeder,winstonprosacco@sauer.org,5687555993
455,Ocie,West,constantinruecker@welch.name,3236864173
330,Enid,Dietrich,daphneywalker@treutel.name,9547427343
661,Maida,Veum,crystalrath@sipes.info,3131767815
328,Franco,Kub,jordaneherman@spinka.net,1658402885
286,Georgiana,Deckow,shawnablock@doyle.com,5899299072
706,Jules,Graham,marilynekoelpin@moore.net,9834413357
305,Emery,Funk,isaidoyle@johnston.biz,1453823767
520,Jerrod,Adams,aisharaynor@kuhn.biz,2832539035
984,Toby,Schuppe,brianstreich@bergnaum.net,2741687042
886,Imani,Torp,brauliokirlin@larson.info,1224022303
911,Guy,Moore,delmerkub@frami.org,5976981863
632,Ethel,Brekke,alexandrobechtelar@hills.info,1596560977
912,Zoie,Bosco,deannawilkinson@nitzsche.io,2677997412
100,Talia,Hansen,tyreekdare@macejkovic.com,8600210086
27,Esta,Bradtke,aliceheathcote@mohr.io,6327370272
909,Billie,Roob,milliedubuque@koepp.io,6435727073
447,Keaton,Grimes,marleyking@hayes.name,6430152926
616,Carmela,Macejkovic,muhammadarmstrong@borer.org,4676245793
981,Chaz,Monahan,norahuels@wunsch.info,2865547615
587,Morton,Dooley,mervintoy@gibson.io,4800107610
693,Quincy,Bauch,myrnaschowalter@bartell.biz,1317984633
924,Thea,Ebert,lelagreen@langworth.info,5396131093
345,Buddy,Ratke,quintondaugherty@williamson.org,4395408769
577,Imogene,Corkery,jakecarter@klocko.org,9233763479
837,Erwin,Kub,emmanuelvonrueden@smith.net,2999551771
443,Ulises,Adams,edisonkoelpin@wintheiser.name,9072210095
635,Ashton,Schowalter,carastroman@rippin.com,2013669465
90,Camren,Swaniawski,bernadettebode@stanton.name,8205102502
597,Kali,VonRueden,dashawnmarvin@jacobson.name,9072815867
182,Russ,Moen,julienlindgren@collier.biz,4663812993
906,Josiah,Predovic,scotcronin@kulas.org,8996300386
195,Mariano,Waters,gregpfannerstill@bins.name,6453048844
752,Larissa,Langworth,reesemclaughlin@mante.info,4095384535
224,Dean,Schneider,shainaroob@dickens.io,4312686353
411,Mariano,Dicki,giuseppemarks@hills.info,4100302156
194,Domenica,Muller,kaelyngusikowski@muller.com,5044313764
255,Fatima,Dach,maureenzemlak@dubuque.biz,4549770254
979,Mariam,Goodwin,raheemdouglas@witting.com,5867854002
505,Audie,Steuber,brianmarquardt@klein.name,8901887579
18,Victoria,Toy,jacynthestrosin@kihn.net,6403153395
60,Piper,Heaney,tommiebartell@hills.io,5647834688
522,Naomie,Goyette,loniewiegand@quitzon.biz,3660626930
313,Arno,Gleason,diamondschmidt@cremin.net,1042288384
775,Jerrod,Vandervort,enricolabadie@braun.io,5734143741
794,Rosalyn,Little,ginajohns@wiegand.org,4648066599
286,Emmett,Mraz,traceyschulist@stokes.io,9803975342
45,Marcelina,Glover,fletcherharris@hegmann.com,1276498321
657,Camille,Lemke,theresagreenfelder@wisozk.net,4586840441
672,Reece,Kub,duncanbosco@mayert.net,7785672505
822,Camylle,Fisher,busterluettgen@gleichner.io,4200319099
38,Elyssa,Bayer,zettawill@dare.info,7839115573
216,Karolann,Fisher,sonialockman@beahan.net,5789236840
587,Eda,Will,aureliawalsh@weber.name,7467201653
457,Green,Wisozk,yolandaerdman@russel.org,6550111872
776,Salvador,Bruen,maybelleoberbrunner@rutherford.biz,7487639123
169,Anahi,Jacobson,marcelojast@deckow.net,3156425955
881,Darryl,Hills,elmirajakubowski@vandervort.biz,2702765562
534,Kylee,Kuhlman,leilawuckert@goyette.name,6632059877
617,Torey,Abshire,urielbernhard@ratke.org,9869687785
705,Arlo,Kshlerin,reesestiedemann@vonrueden.com,9743608168
668,Krista,Powlowski,edythoreilly@huels.name,4370134845
37,Marshall,Haag,forestnitzsche@damore.biz,2769501134
267,Laurianne,Schmeler,michelhackett@altenwerth.io,6937405114
315,Harry,Muller,tristonyost@purdy.io,1535128352
423,Leanna,McKenzie,janiyarogahn@will.info,6479784419
499,Brice,Kris,aylindouglas@johnson.io,4146489987
516,Victoria,Kuhn,seamusconn@stiedemann.name,1916445208
747,Adelbert,Huel,howardfeeney@schimmel.org,4321884513
718,Schuyler,Towne,ricomohr@green.info,8334818423
421,Davion,Schneider,alexandreaklein@russel.net,1117818907
357,Roberta,Hagenes,camilleschoen@kessler.biz,4033250320
391,Kale,Okuneva,neilbosco@marvin.biz,6694026679
654,Tod,Leuschke,joaniekemmer@mitchell.biz,4126690471
88,Mya,Mitchell,corbinlubowitz@aufderhar.name,8030488287
636,Abigale,Sporer,adanmorissette@beier.net,5449192549
238,Pasquale,Frami,linneahahn@corkery.biz,4129248441
417,Carmen,Haley,monserrateheaney@quigley.com,8894253534
21,Avery,Bashirian,keshaunlangworth@koepp.io,6151227282
534,Stefan,Hilll,kendradoyle@ledner.org,6159923211
580,Camden,Upton,melynaernser@howe.org,8797670925
531,Queenie,Schaden,alexyspurdy@metz.com,6487463776
654,Aubree,Pagac,amanifay@jacobson.info,5152751937
375,Marc,Crona,kenyonabernathy@strosin.biz,1348319240
417,Jean,Braun,clementinetromp@beer.net,8289260427
164,Ewell,Zieme,charlesstamm@effertz.biz,6972647200
183,Seth,Schmidt,verlafisher@streich.biz,7912096767
222,Anabel,Beatty,georgiannarath@russel.com,5037016069
722,Spencer,Torp,chetwisozk@kessler.org,1259369117
845,Mike,Lehner,michellesawayn@bahringer.org,6449810752
969,Jacinto,Kihn,stefaniefranecki@grant.org,3192846792
603,Layla,Mayert,arnulfohaag@boyle.io,3729302835
429,Aaliyah,Schroeder,akeemjaskolski@brekke.org,3066168191
822,Cade,Heaney,princessdavis@jewess.com,3814792368
888,Sean,Thompson,anastaciohudson@treutel.info,7409419098
607,Lorena,Stokes,jaydenwilliamson@williamson.com,2342132882
989,Aniyah,Klocko,glenniebrown@kuhn.biz,3897673833
749,Kristopher,Rohan,whitneygrady@kozey.com,2050100642
982,Liza,Rau,belleheaney@dicki.com,1364177411
659,Beverly,Tromp,bartholomezieme@langworth.biz,5379883086
298,Lottie,Kulas,lorenzagibson@lowe.info,4633158106
503,Tom,Skiles,ryleyschultz@runolfsdottir.com,7576783469
207,Cyrus,Haley,dorcasblick@borer.io,7921107704
566,Amir,VonRueden,kevenmueller@parisian.biz,2657841523
34,Wilbert,Pfannerstill,orphaziemann@spinka.biz,8676193250
520,Josie,Herzog,savanahrempel@kassulke.io,6446638186
167,Cornell,Ankunding,raoulvon@reynolds.biz,7461898206
28,Mattie,Smith,tabithablanda@ruecker.biz,5961056545
70,Merritt,Kling,emmittrippin@volkman.biz,9818841850
166,Vernon,Cruickshank,leopoldpurdy@barrows.name,5006104317
115,Jeanie,Bednar,markuslang@mohr.io,7376625006
563,Murphy,Gutmann,louhirthe@turcotte.io,7934650324
35,Jamey,Lockman,rowlandstracke@roberts.com,2448105842
192,Russ,Abshire,cristalabernathy@greenholt.name,8910757971
277,Terence,Osinski,mohamedkilback@beahan.io,9375682143
954,Michale,Gusikowski,cordiagreenfelder@bosco.org,2696108526
997,Jeffery,Predovic,carleyboyer@dicki.net,8926861241
853,Jadon,Yundt,yoshikoabernathy@murray.org,2430209355
291,Crawford,Legros,theodoreharber@oberbrunner.com,7366719413
610,Tatyana,Champlin,tommiechamplin@prohaska.io,6186354608
912,Nina,King,karolanneffertz@anderson.com,3841883467
556,Cierra,Feest,eldridgewest@metz.info,2778568627
657,Carissa,Feil,cicerostanton@bartell.net,3322955685
368,Shanie,Monahan,lawrencerenner@kunze.info,8746525330
606,Darwin,Prosacco,lynndaugherty@lubowitz.net,1931136503
894,Magdalen,Gaylord,ashlygleason@lakin.biz,4602826351
528,Thomas,Johnson,guillermohammes@wehner.net,2304225670
705,Iva,Frami,krystaldaniel@mclaughlin.biz,8962232588
172,Camilla,Goodwin,ceasarschimmel@collier.biz,5140874551
836,Rosie,Kris,artebert@crist.com,1957568054
68,Reid,Klein,urbancruickshank@streich.name,3435129286
251,Andy,Raynor,daphneyblock@bailey.name,8029002406
440,Elody,Gleichner,darrelbrown@kilback.io,6644587247
741,Ansel,Morissette,reganhaag@hoppe.org,3345691193
314,Domenick,Rosenbaum,herminiadeckow@mitchell.org,5443859479
838,Beatrice,Weber,antwonblanda@keebler.org,6270509832
574,Chet,Harris,rollinbrown@hodkiewicz.net,5339882585
932,Hadley,Yundt,jameyhalvorson@ernser.com,7516147579
389,Juwan,Dietrich,veldaschoen@prosacco.com,8265092937
684,Ambrose,Quitzon,violetbarrows@west.info,7055157023
438,Alessandro,Heathcote,saraismith@sawayn.net,4206803010
561,Kirk,Shields,robertolarson@deckow.name,2671328383
941,Geovanny,Gaylord,lenoredietrich@kling.org,2628128523
121,Rasheed,Harvey,enakutch@wolf.io,8722216072
403,Jayne,Koss,burnicebernhard@steuber.org,8683806336
376,Jaime,Kessler,alistehr@jacobi.com,3542435598
797,Winifred,Kuhic,lincolnsimonis@abshire.io,8220581979
345,Glenna,Corkery,aliaschmeler@langworth.info,7535976772
820,Aurelio,Hilpert,mackmohr@wuckert.biz,4622410617
289,Janelle,Lindgren,emilianoprohaska@nikolaus.com,1101087159
352,Wilfredo,Johnston,guadalupebeer@davis.net,6279710236
106,Jed,Nolan,oramuller@hammes.biz,3319221797
260,Monty,Champlin,daytonmraz@von.com,7475903593
177,Erin,Reynolds,skyepadberg@howell.io,9518531785
728,Ashton,Dach,claudejerde@rutherford.net,1767325657
769,Katherine,Treutel,rosettabeahan@hickle.org,2182515152
131,Tevin,Cruickshank,holdenhammes@bogisich.net,1258181628
149,Zelda,Runolfsdottir,orankohler@sawayn.biz,9854831801
410,Grayson,Homenick,gardnerherman@sanford.net,8765493732
182,Carson,Ebert,leathasimonis@mertz.com,9039364030
664,Olga,Oberbrunner,brendaharber@hudson.io,8224791984
74,Jessyca,Heller,bayleewilliamson@denesik.io,2162323824
343,Otto,Ward,guillermokris@rath.name,3749907627
818,Emma,Collins,hollyemard@corwin.info,9546777685
649,Jovani,Macejkovic,horaciorath@rempel.io,6178915484
388,Zachery,Marvin,lianadenesik@windler.org,2970866801
709,Micheal,Stiedemann,bartholomeschowalter@bednar.name,4805046781
607,Kirsten,Bergstrom,carolynzboncak@fisher.com,1850017110
896,Olen,Brakus,brigittehaley@dietrich.com,2574204205
464,Delaney,Goldner,claudswaniawski@king.name,2071108559
299,Emerald,Kling,izabellaebert@harvey.name,1237220528
173,Kennith,Braun,margaretelabadie@dickinson.info,1137019513
743,Trent,Ziemann,bernicelangosh@runolfsdottir.com,4754463303
488,Linwood,Donnelly,alfredstracke@reilly.io,9525868965
392,Isabel,Davis,janeturner@mcdermott.info,3694788275
405,Francis,Cartwright,dulcelebsack@powlowski.org,7053122517
88,Javon,King,johanjohns@kessler.name,4435876193
486,Samantha,Johnston,rickygrimes@bayer.org,8668514219
982,Orrin,Koss,alenebednar@glover.name,3722849233
45,Curt,Howe,edythsteuber@pfannerstill.biz,7290221996
592,Elijah,Altenwerth,hayleylehner@raynor.net,7366012417
206,Jonathon,Reilly,annamarierodriguez@cremin.biz,4714185217
906,Jose,Hessel,amberkeebler@mills.org,2066768939
520,Bryon,Stroman,lyrichuels@herzog.name,2516295465
798,Ike,OReilly,norrismills@crooks.net,9231487653
753,Giovani,Kozey,keanugorczany@white.net,4230246506
369,Ottilie,Denesik,collinmoen@considine.name,8243550267
570,Abigale,Stoltenberg,kenmetz@cassin.biz,2374081289
402,Gerson,Boehm,eunicebernier@runte.info,7020645246
965,Margot,Witting,dejahahn@doyle.org,4856273452
801,Rex,Little,wardlehner@pacocha.info,2759219088
759,Holden,Herzog,conorziemann@mueller.io,8832876639
986,Garry,Stroman,frankolson@macejkovic.com,7432291665
458,Raina,Kohler,albakris@abshire.io,7870271834
802,Patricia,Mertz,geraldinemertz@schuster.name,8259265754
675,Pascale,Ferry,jasperledner@kutch.io,1458091694
744,Jackeline,Thiel,adolphemard@connelly.io,6799891379
328,Myrna,Collier,jackywhite@lehner.org,8266576753
324,Zackary,Quitzon,brionnaosinski@brakus.io,4060812380
591,Teagan,Murazik,micahstracke@zulauf.biz,5056575645
930,Tyrique,Mante,kendrickbayer@schoen.com,4502442009
151,Stevie,Reilly,michealschumm@gutkowski.io,7206106567
272,Makenna,Littel,creolazemlak@will.info,9036826495
986,Olaf,Russel,moriahconn@wisoky.name,3095623316
819,Ciara,Larkin,laurynmraz@legros.net,5441203448
254,Britney,Larson,rosamondrowe@stanton.biz,5540323313
466,Ebony,King,isabellebalistreri@daniel.name,6795218940
212,Sabryna,Wolf,finnpfannerstill@gottlieb.info,9358568193
653,Kaden,Gibson,fatimaklein@schuster.io,7721462537
364,Grayson,Lowe,shainamertz@schuster.com,3613656659
359,Brown,Rempel,cathrynkreiger@bernier.info,6726759631
798,Lurline,Turner,jaunitagislason@paucek.org,5223068220
518,Keaton,Legros,estherdaniel@abbott.net,7076634751
254,Dawn,Marks,caleighkutch@schaefer.info,1427717437
661,Susan,Zieme,reymundoleuschke@baumbach.info,6958094588
728,Bette,Cummerata,alfonzopfannerstill@yundt.org,4172566607
447,Janessa,VonRueden,luciepouros@koelpin.name,9850996898
673,Tyrique,Lesch,majorkub@shields.name,5744944471
275,Bradly,Cassin,izaiahstrosin@kuphal.net,8673430208
545,Yvonne,Olson,tamaraconsidine@carter.org,7468136893
713,Elvie,Harvey,wiltonjenkins@rippin.biz,9409444379
201,Hermann,Sporer,ismaelrussel@corkery.io,2018039758
151,Sterling,Cummerata,nicholashartmann@marquardt.biz,7752914343
829,Montana,Kunde,jazmynepacocha@stanton.com,7921059725
437,Maggie,McLaughlin,novawaelchi@gulgowski.org,8770805596
72,Remington,Bradtke,edwardolebsack@funk.org,4661686228
161,Jimmy,Swift,brendenkeeling@heidenreich.com,6629777268
817,Ulices,Hettinger,deannacollins@jacobi.biz,8966773493
232,Denis,Davis,zorahodkiewicz@casper.net,5957755026
589,Deshaun,Zulauf,chynahagenes@kozey.com,9724161942
795,Summer,Collier,brianneyost@gorczany.info,8070016142
900,Irwin,Willms,heatherbrakus@powlowski.io,2766075975
301,Donny,Ritchie,juwanharvey@howe.biz,2813700290
125,Frieda,Sanford,bradenfunk@konopelski.info,8995404265
590,Laurine,Witting,marianehilll@bartell.org,1249177030
119,Kim,Hodkiewicz,jenningscronin@hessel.biz,1472370757
661,Delores,Dibbert,catherinelemke@russel.net,7081030522
283,Ana,Stoltenberg,marcelolowe@ferry.biz,1772250515
685,Isidro,Murray,eulalegros@cartwright.org,2847151737
183,Armand,Schumm,robertoschamberger@ernser.org,5605510710
425,Stanford,Rogahn,arnoldroberts@hilll.info,4743425271
512,Owen,Franecki,siennacole@olson.info,2983729622
505,Newell,Sauer,thadmorissette@blanda.info,3888276334
877,Chloe,Nicolas,hellenkeebler@howell.org,3010704954
506,Hilma,Berge,rosendostark@cole.org,5391786872
345,Ashly,Predovic,lloydprohaska@connelly.org,6017877252
270,Bo,Koss,lurlinehoppe@emmerich.io,2042729654
757,Jessika,Kessler,zacheryschumm@funk.info,5561532546
515,Maci,Botsford,amandastreich@schumm.biz,4774536101
429,Fern,Kerluke,ollieconroy@bahringer.net,6245540807
350,Kallie,Rowe,charlieosinski@rodriguez.biz,9582750771
997,Pedro,Emard,sarahgoodwin@corwin.biz,2335276567
418,Quinn,Braun,todlemke@marks.info,4009073073
125,Ward,Daugherty,zeldagreen@gerlach.net,2271304627
587,Onie,Tremblay,lindsaykuvalis@berge.net,9835173667
197,Estell,Welch,abebruen@conroy.info,3004415214
27,Mckayla,Volkman,giannikilback@schaden.info,7387370225
994,Jonatan,Kohler,anibalryan@cruickshank.io,1635311000
357,Hollie,Runolfsdottir,minervawalker@williamson.org,6335607169
694,Lacy,Hermann,danikadickens@kuhic.name,7611663413
720,Waldo,Miller,woodrowrath@abshire.io,7927743413
394,Adrian,Konopelski,constanceturner@kihn.info,3891560803
508,Pete,Pollich,sheridanyost@bosco.com,6110625920
573,Elizabeth,Koss,sydneealtenwerth@predovic.net,9953701098
991,Jeff,Ernser,lurlineboyer@price.biz,3658053910
992,Donny,Graham,halparker@boehm.name,9867932520
479,Clyde,Koch,kallierice@keeling.com,4782184723
905,Concepcion,Okuneva,drewgreen@lowe.biz,8835904539
771,Aglae,Rice,hazlehoppe@heidenreich.biz,2447395638
253,Connie,Bahringer,kaleighmccullough@prosacco.org,8727726904
300,Jaylin,Bartell,gregoriadeckow@hyatt.net,3174301758
544,Diego,Marquardt,lazarorussel@schuster.io,8032295068
856,Alysha,Raynor,magalivandervort@quigley.org,7265257524
245,Terry,Flatley,hertayost@schneider.com,5723934754
979,Porter,Reichel,ameliefeeney@dare.org,3675187778
98,Jorge,VonRueden,bridgettemacejkovic@morar.org,4926873464
419,Ryder,Prohaska,joshuayundt@kshlerin.org,6523298164
699,Litzy,Lang,ardellakohler@orn.com,1606647510
309,Rodolfo,Tillman,rosannarowe@olson.com,4087397595
645,Edward,Schultz,leopoldbergnaum@hermiston.biz,6433513320
505,Alycia,Kilback,christsmitham@macejkovic.io,2111933973
358,Veda,Abbott,adeleblock@bauch.org,6617521934
894,Edmund,Ruecker,garrisoncrist@smith.net,3929015184
911,Lily,DuBuque,alvertalebsack@weimann.name,3352130807
669,Louie,Carter,danialrath@nikolaus.org,6568653807
89,Estefania,Runte,tyrellschamberger@lehner.name,8602855932
348,Jedediah,Prohaska,shawnreichert@parker.name,5010076234
792,Kendrick,Hodkiewicz,mitchellwalker@weissnat.info,5580425853
766,Ubaldo,Walker,merrittbrakus@bechtelar.net,6225092265
540,Salvador,Haley,viviannebahringer@fisher.name,6155078451
350,Susan,Okuneva,camrynwatsica@kilback.net,1753490204
551,Leonel,Kuphal,dorcaspaucek@goodwin.com,6014241710
856,Jaycee,Cummerata,elisabethhane@champlin.info,6795154685
966,Ryan,Hills,lavernaabernathy@cruickshank.info,7362652171
466,Pinkie,Greenfelder,ashleykoch@block.name,6436896956
694,Matt,Fisher,noeliaolson@waters.biz,1115744830
412,Alek,King,nevaabbott@marquardt.io,6774551000
