SupplierID,SupplierName,ContactPerson,Phone,Email
40,Kilback and Sons,Kyla Wuckert,9547071056,amararuecker@cremin.name
23,Adams-Casper,Bernie Haag,2014134358,verlieparisian@pfannerstill.info
47,"Hilpert, Pacocha and Prohaska",Lucy Hickle,9688879622,leilaniconn@johnston.org
12,"Volkman, Stokes and Lowe",Herta Mann,4108688830,bobbielarson@barton.net
9,Berge-Bergstrom,Genevieve Miller,1417323015,breanaspinka@reynolds.name
33,Smitham-Schuppe,Fannie Shields,4412810558,tonyheller@kohler.com
9,Balistreri Inc,Loren Goldner,5031273824,donnellveum@upton.biz
41,Rempel-Powlowski,Cedrick Bergstrom,3698469151,maybellegraham@auer.name
21,"Gerhold, Homenick and Bogan",Myrtis Weber,1358600387,fosterwolf@crist.biz
16,Kuvalis-Quigley,Hyman Howe,5442642745,kolehettinger@johns.info
7,Gerhold-Murray,Jermain Pagac,1938714811,adelabarrows@osinski.biz
41,Murazik-Nikolaus,Aleen Bartoletti,6140958825,tracylang@stehr.name
31,Feil Group,Ezequiel Dibbert,4835356789,rosalynmarks@mayer.name
43,"Lueilwitz, Torp and Hamill",Madge Renner,5867321164,forrestpagac@hayes.io
43,Block and Sons,Wallace Weimann,6047200428,adahpowlowski@hamill.name
49,Emard-Dietrich,Clair Runte,8243520153,ednazulauf@johnson.com
17,Toy-Williamson,Beulah McClure,6700336355,verliehills@keeling.net
17,"Kuhlman, Gerhold and Schamberger",Jerry Kulas,3681643046,kaleyhirthe@gaylord.org
12,Anderson and Sons,Name Jerde,6301239566,mosenitzsche@torp.info
19,Hayes Inc,Jacinto Dicki,5984260513,genegreen@yost.com
27,"Bahringer, Bednar and Legros",Dell Feil,2944819588,moshenitzsche@morar.net
34,McGlynn LLC,Dorris Emmerich,8639116012,janadouglas@hintz.net
3,"Bins, Keebler and Kling",Hattie Okuneva,5436548232,micahwindler@raynor.info
34,"Olson, Kuhic and Hessel",Leland Feeney,6641337874,wilfordbartell@maggio.org
45,Jast Group,Raymundo Davis,2113142215,rafaelprice@schmeler.info
24,"DuBuque, Sipes and Fadel",Jed Okuneva,5230685145,cierrahessel@russel.net
1,"Schmidt, Bogisich and White",Jaylan Oberbrunner,9179569283,deanschumm@heathcote.com
19,Beatty-Zieme,Magdalen Bechtelar,3981563842,jerelswift@kihn.info
3,Stehr LLC,Vita Quigley,5659472224,dwightlebsack@sporer.com
43,Weissnat LLC,Angie Smitham,7491926302,garnettboehm@rolfson.name
11,Upton and Sons,Uriel Daugherty,3366213604,masonheathcote@flatley.net
38,"Wilkinson, Daniel and Goyette",Leonard Stroman,2884185165,archibaldwilliamson@reynolds.info
3,Smitham Group,Fredrick King,6989512292,blazefeil@carter.net
23,Bartell-Mohr,Estella Stanton,8706690299,marquesbins@collier.com
49,"Gerhold, Donnelly and Brown",Elwin Sanford,5436873103,roywehner@bednar.net
37,Reynolds-Jerde,Susanna Kuhlman,1657375407,dillanmohr@kshlerin.info
37,Rolfson Inc,Marilou Kulas,5878393787,erikasporer@hane.org
1,Sporer Group,Caterina Powlowski,5766042180,juniuswolf@mayer.io
40,"Hilpert, Rippin and Vandervort",Neal Prohaska,3629509651,taylorkrajcik@kshlerin.org
20,"Becker, Labadie and Graham",Bobby Schumm,3987627356,orvilletorp@abbott.biz
46,Wolf and Sons,Alec Lemke,4074727454,onagislason@jewess.info
24,"Kassulke, Gulgowski and Torp",Garrett Mante,6200543010,jackelinebartoletti@harber.biz
21,"Little, Orn and Effertz",Earlene Abshire,4216946592,mozellbogan@hodkiewicz.biz
10,Hyatt-Larkin,Darby Reichel,4534503140,khalilwolff@halvorson.net
22,Johnston-Wisoky,Zora Keeling,4300858731,dustinwunsch@kertzmann.io
43,Romaguera Group,Brook Schiller,6311932024,freemanframi@hessel.info
39,Ritchie and Sons,Addie Cummerata,3965202254,izabellaauer@jones.name
32,Williamson Group,Lillie Boyer,4414466466,marielledavis@bode.org
3,Sawayn Group,Wilber Swaniawski,3491276720,genesisadams@langosh.net
45,"Ebert, Schroeder and Mosciski",Raquel Wehner,8281254170,jacinthekemmer@bogisich.name
49,Sauer Inc,Monserrate Ratke,2181496406,roselynbrekke@jakubowski.io
23,"Robel, Tremblay and Doyle",Trace Hoeger,3115092015,magdalenhalvorson@wilkinson.net
40,Schaefer Inc,Harold Heathcote,1279295973,devenwintheiser@wiza.com
48,Robel LLC,Louie Goldner,3180173667,christianastroman@dooley.info
19,"Parisian, Schmeler and Satterfield",Winston Gleichner,4085167516,theodoradenesik@kuvalis.info
22,Schowalter and Sons,Dessie Herzog,7383354129,syblehahn@grimes.com
4,Crooks Group,Enrico Schinner,7423198610,bernicehagenes@koelpin.org
12,"Stanton, Hauck and Runte",Mozell Gerlach,6658059310,justynbrakus@schinner.info
13,Gutkowski-Schimmel,Bryce Bergstrom,6598924190,kathlynbergstrom@rohan.name
46,Fritsch Inc,Charles Douglas,1582603702,heavenhegmann@jenkins.name
2,McLaughlin LLC,Garret Wilkinson,7312647575,nataliegrimes@corwin.name
6,Langworth-Oberbrunner,Adriana Doyle,8987777220,ryderskiles@parker.com
12,"Morissette, Feeney and White",Helene OReilly,8683217943,adeliastamm@marks.org
34,"Metz, Larson and Witting",Orin Dibbert,5869107995,alexweber@hintz.name
31,"Beatty, Osinski and Zulauf",Lowell Hartmann,5356680422,antoniettaschaefer@morar.name
21,Fadel-Weissnat,Kris Little,7360197847,chanelfritsch@fay.biz
46,Wolf-Wiegand,Ricky Hirthe,5474136847,abelardomonahan@rutherford.info
16,Nikolaus-Sauer,Missouri Streich,9078201457,mablemonahan@doyle.com
31,"Wiegand, Kling and Aufderhar",Elyssa Renner,4155178436,abelardowehner@lueilwitz.io
9,Konopelski and Sons,Landen Gusikowski,3319929221,bradymaggio@beahan.info
44,Morissette-Hills,Annabelle Doyle,3973001026,madilyndurgan@lang.name
47,Bartoletti-Carter,Jeramie Halvorson,5046853799,careybeatty@kunde.org
39,Lang and Sons,Elvie Metz,2481565111,victoriaheidenreich@legros.io
7,Stamm-Gerlach,Sydney Wiza,3645410692,adonismedhurst@schamberger.biz
7,Cummings LLC,Dillan Rutherford,5352784080,dereckondricka@schmeler.net
22,Torp LLC,Gennaro Kiehn,2911484347,leorakreiger@howell.biz
39,Bradtke Group,Maida Grimes,2054959769,edswift@treutel.biz
49,"Bode, Mills and Stoltenberg",Monserrat Balistreri,7639479744,johnpaullarson@cassin.info
32,Mitchell Group,Hyman Huel,5717827772,alexandersporer@rutherford.org
12,Hartmann Inc,Eloise Leffler,4147841407,vedahalvorson@greenfelder.info
23,"Altenwerth, Kuphal and Huel",Coleman Carroll,5432707981,daisykilback@bartoletti.biz
10,Kautzer-Runolfsdottir,Watson Schmidt,8282852867,malachilesch@nolan.org
18,"Quitzon, Jenkins and Fay",Elliott Terry,7546651170,leslyhahn@ratke.org
31,McClure LLC,Grant Torp,2222681174,shanelziemann@gerlach.info
47,"Kozey, Wehner and Stiedemann",Teagan Von,9835379588,gaykoss@wyman.com
29,Daniel-Bartell,Domenick Marks,5266040269,khalidwalter@konopelski.io
42,Yundt Inc,Ila Fritsch,4062198192,natashadonnelly@runolfsson.biz
11,Gislason LLC,Boyd Bednar,8486161974,pablokuhn@bergstrom.net
44,Runte Group,Susana Witting,4301293712,itzelreinger@goyette.com
47,Kihn-Jenkins,Jean Crooks,4671492215,mckaylapowlowski@durgan.info
41,"Lemke, Davis and Frami",Calista Schamberger,6844001816,austinhagenes@quigley.name
16,Torp and Sons,Rebeca Torphy,1779536120,sanfordprosacco@hoeger.com
31,"Gaylord, Kassulke and Haley",Stan Rice,8271080438,lailabosco@nikolaus.org
42,"Gerlach, Bernhard and Mraz",Cora Haag,3476686742,davonstehr@dietrich.org
19,Jacobson Group,Ernesto Stracke,3510340829,alexafunk@lang.name
27,"Hegmann, Denesik and Marks",Ivah Hane,9384554684,murphybernier@leuschke.org
47,Gaylord Group,Mathilde Turcotte,5303194125,fletakuphal@lindgren.org
29,Littel-Macejkovic,Bella Hyatt,2779831046,alvenahermann@cassin.info
27,Cole-Olson,Mae Rippin,4769826130,josienader@ruecker.com
1,Williamson-Rice,Marilou Macejkovic,7634633357,dellorn@johnston.org
24,Cole-Torphy,Teagan Hansen,8010929229,aydenconroy@prohaska.name
6,"Rolfson, Volkman and Schumm",Tracey Bogan,6076777459,maudbogan@ratke.org
10,Beahan-Leuschke,Elenor Wisoky,7276312065,vedajenkins@runolfsson.com
12,"Runte, Cummings and Hickle",Dasia West,7533001435,alvertahauck@mraz.org
20,Roob-Kunze,Hazel Ankunding,1287706309,ceasarheidenreich@bogisich.biz
27,Pfannerstill Group,Efrain Leannon,1431964784,ashafeeney@mann.org
2,Prohaska LLC,Mary Nolan,5699989454,macwilliamson@hodkiewicz.com
11,Lowe Inc,Kiel Russel,3317621613,reinakunze@white.name
32,Kuphal-Konopelski,Kane Willms,1284875107,josiannesanford@bartoletti.org
8,"Yost, Kreiger and Abshire",Rolando Bruen,6172873199,wilhelmschultz@hartmann.biz
25,Gleichner-Smitham,Hilbert Gottlieb,7185924699,alainawest@huels.biz
20,Thiel Inc,Samara Runolfsson,3244708847,garnettfunk@abernathy.org
49,Sanford and Sons,Flossie West,4199540926,alverarodriguez@pouros.net
3,Batz-Ryan,Prince Rodriguez,9757492207,rudyspinka@stiedemann.info
24,Marks and Sons,Gwendolyn Ryan,6252007544,eduardomurray@quigley.com
18,Tromp-Steuber,Morton Carter,2223159189,samirdubuque@dietrich.com
48,Greenholt Group,Julio Morissette,8937416547,sinceregorczany@skiles.name
11,Wiegand-Maggio,Ulises Gleichner,2675052647,karsonhalvorson@bailey.com
43,Kassulke LLC,Elsa Lind,7902908808,amberkuhn@vandervort.io
42,Grimes-Murray,Ahmad Schroeder,6559410165,arnoldpacocha@schaefer.biz
2,"Fisher, Block and Bogan",Peter Carter,3823601484,joesphlemke@kunde.name
38,"Aufderhar, Spinka and Howell",Sarai Lockman,3666494293,alisonernser@reichert.com
35,Funk-Fisher,Camden West,3753583052,gretchenebert@cummerata.net
14,Wilderman and Sons,Jess Mayert,5418238806,lydiahermiston@bartell.org
8,Batz and Sons,Zelda Toy,1829259204,enosfadel@toy.org
30,Kilback-Crist,Simeon Langworth,2195881819,joytowne@breitenberg.info
4,Beier-Homenick,Gerald Brakus,4377044087,kianakuphal@rolfson.com
40,Shanahan LLC,Wilton Gusikowski,5666653582,terrencesenger@rempel.info
36,Ullrich and Sons,Cayla Welch,7403445072,janaeharris@morar.org
12,"Kling, Nitzsche and Rosenbaum",Dianna Lehner,5793874982,auroreratke@senger.biz
3,Satterfield-Rath,Pablo Keebler,1830587842,astridschoen@vandervort.org
26,Barton and Sons,Daryl Davis,4254723650,kaligraham@gusikowski.info
8,Fisher Group,Raegan Powlowski,8656223659,beaulahborer@heathcote.biz
45,"Hauck, Kub and Casper",Dino Batz,9773484564,rogeliokeebler@armstrong.com
28,Herman Inc,Tia Haag,7956543006,elverakshlerin@carter.org
46,Nolan LLC,Greyson Welch,7423636049,devandach@oberbrunner.org
16,"Mertz, Waters and Daniel",Gunner Stiedemann,7268009680,damonmohr@lebsack.io
48,Weissnat-Collins,Arvid Olson,5291406635,janaerunolfsson@hermann.org
35,Goodwin-Fritsch,Benny Torphy,7602024902,tianatowne@leannon.net
38,Balistreri-Carter,August Dicki,6473230702,mathiashermann@osinski.net
22,Treutel LLC,Kirk Crona,5309342470,lulakunde@rippin.net
17,"Dooley, Pacocha and Treutel",Deonte Luettgen,7398105288,paolopowlowski@feil.name
37,Bins Group,Candelario Herman,4148198930,maureencummerata@prohaska.com
8,"Bauch, Beier and Altenwerth",Kellen Ankunding,2784669058,leonardjenkins@medhurst.net
50,Roberts-Cormier,Imelda Schmitt,7408789233,fernhuel@fritsch.com
15,Pfeffer Inc,Maci Watsica,3332431474,abagaillynch@kshlerin.org
36,Hintz Group,Keshawn Ryan,6280688829,howardvolkman@yundt.com
8,McLaughlin-Reichel,Pasquale Rippin,7412027174,delphineparker@quigley.info
21,Jaskolski Group,Raquel Shanahan,4531726864,brucecormier@rath.name
19,Ankunding Group,Ivy McGlynn,9629351479,noahromaguera@reichert.org
3,"Beatty, Schneider and Luettgen",Chanel Flatley,6605187425,ebonylehner@streich.info
22,Morissette LLC,Alexandro Gislason,5103217841,bryonlang@hettinger.io
19,Ritchie-Kilback,Jacklyn Mante,9553065011,rivergleason@walker.biz
10,Brakus LLC,Joannie Bednar,9751704901,freemanfadel@kemmer.com
15,"Swift, Konopelski and Donnelly",John Pacocha,3066473360,aureliatorp@koelpin.io
15,Runolfsdottir Inc,Mac Schamberger,7105394661,edmondeichmann@graham.name
13,"Blick, King and Pacocha",Tomas Dibbert,7595105147,edenmosciski@zemlak.io
33,"Donnelly, Hodkiewicz and Kub",Abby Brakus,2957595905,norbertlemke@brekke.info
8,"Hoppe, Quitzon and Kovacek",Deshawn Thompson,9388616695,heathermclaughlin@runolfsdottir.org
35,Treutel Group,Dexter Collier,5188542964,robertobalistreri@bradtke.com
26,"Witting, Bruen and Kshlerin",Thad Gulgowski,8598897327,vernonhauck@sporer.com
22,Collier-Huels,Adriana Kerluke,6098176314,melvinasauer@stehr.biz
23,"Hessel, Langosh and Brekke",Anastasia Lubowitz,5584063068,gregoriaberge@bogan.info
34,Satterfield-Terry,Brittany Kemmer,7710884852,elishayundt@turcotte.io
49,"Stark, Shields and Donnelly",Rubye Huel,4781626904,brandyauer@walter.name
11,Rowe LLC,Coy Fritsch,7719747700,veronareinger@gorczany.net
24,Mosciski LLC,Pablo Sanford,3448775974,daphnemosciski@yost.org
11,"Koss, Kemmer and Marquardt",Estella Schultz,3051671328,marioauer@mohr.org
8,Bruen-Schamberger,Laurianne Luettgen,1753399466,miloskiles@schaden.net
45,Baumbach Group,Mia Barton,8749709306,ludwigerdman@koepp.info
22,"Barton, Conroy and Kuhlman",Brett Rutherford,9428188993,winonagreen@casper.io
41,Roberts-Haag,Javonte Feil,1194091706,beaufeeney@homenick.io
10,Langosh-Rice,Abigale Schamberger,6951703504,jordycasper@damore.net
44,"White, Stroman and Koepp",Jolie Spencer,8540485709,aliviacummings@morar.biz
21,Auer Inc,Jazmin Deckow,7646622387,warrenbraun@cartwright.org
40,Nolan Group,Eryn Wintheiser,8242066990,cedrickveum@schultz.org
17,Maggio-Rath,Kenya Homenick,5627758575,delfinadickens@kulas.info
30,Hagenes-Osinski,Mike Greenfelder,5540409290,brucerussel@stracke.biz
19,Harvey Group,Felix Wiegand,6371541111,edmundleannon@bosco.name
47,Hessel LLC,Jimmie Baumbach,7133494147,willishirthe@kling.info
32,Hettinger-Willms,Paige Gislason,1233597748,carsonthompson@wilkinson.com
5,"Ruecker, Goyette and Jast",Maia Bartell,4881790678,pamelabatz@moore.info
24,"Hintz, Wehner and Frami",Isaias Nikolaus,6516989783,aronsmitham@green.info
1,"Kihn, Okuneva and Tremblay",Shayne Ratke,8352157396,vivianeschmitt@lind.org
2,Beier-Koepp,Dolores Waelchi,3681683713,khalidreilly@ullrich.com
23,Larkin LLC,Louvenia OReilly,9369585676,dimitriweber@wyman.info
38,"Aufderhar, Daniel and Abernathy",Kian Medhurst,9117606619,freddubuque@cormier.io
50,Bahringer-Stehr,Dillon Hilll,7365724896,dorcasreynolds@abernathy.biz
23,Gleason and Sons,Icie Price,8997660614,josianekassulke@hyatt.io
10,Powlowski-Stracke,Layla Goyette,8487653913,preciousgulgowski@kris.net
13,Schinner-Schinner,Remington Walsh,3378502692,xzavierokuneva@upton.info
12,Luettgen-Kub,Royal Aufderhar,1366554447,hattiefeil@abernathy.biz
16,Wolff-Marquardt,Nakia Williamson,3293120463,soniaboehm@bednar.biz
33,"Grimes, Lubowitz and Kshlerin",Jamie Hane,1909654467,estellblick@baumbach.name
3,"Hermann, Wisoky and Brekke",Adonis Howe,9167372224,mariahcormier@wiza.biz
5,Heidenreich-Skiles,Eusebio Lesch,4806409604,mariettaschmidt@steuber.com
48,Bartoletti-Wisoky,Ismael Heaney,3347833222,marleedenesik@williamson.name
9,"Wisoky, Marquardt and Kirlin",Arlene Volkman,8828800933,ericarath@sporer.net
30,Larson-Paucek,Bryce Wunsch,5661390446,dahliawest@rohan.biz
26,"Gorczany, Lakin and Schultz",Terence Anderson,3008884678,briakuhlman@legros.io
21,Friesen-Lindgren,Jerrell Harber,2049527057,alwalker@abernathy.com
37,"Gleichner, Kirlin and Schulist",Kaelyn Shields,3349144916,diannahermann@ferry.io
11,Cartwright Group,Quincy Gusikowski,6596245824,devynjakubowski@davis.io
9,Abshire-Gleason,Bart Emmerich,9270530237,alfonsodooley@daugherty.biz
38,Schimmel Group,Jay Tromp,7271603105,nigelfeil@schneider.info
34,Fritsch-McLaughlin,Amani Durgan,5582470515,estellockman@mclaughlin.info
50,Emmerich-Willms,Stella Smitham,2713991356,casimerbashirian@wiza.net
15,Mann LLC,Catherine Wunsch,9033406511,remingtonheller@hamill.com
18,Cormier-Abshire,Berniece Yundt,7401624241,corinedooley@goodwin.info
44,Prosacco Group,Shane Kling,7243242685,evelynfritsch@gottlieb.info
47,Becker and Sons,Art Hoeger,8708532759,trentonswaniawski@schmidt.name
33,Zieme-Champlin,Lupe Schamberger,3508396597,abbiepowlowski@waelchi.name
22,"Gerhold, Moore and Yundt",Rosina Brakus,3047652720,jailyncarter@veum.net
8,"Barton, Reichel and Vandervort",Gabrielle Bogisich,8980899466,meghandavis@effertz.name
42,Witting and Sons,Rachel Hartmann,3299632916,jayceebailey@shields.org
44,Pfannerstill-Rolfson,Ferne Beahan,4087189095,douglassanford@rau.biz
7,Hills Inc,Annetta Jacobs,7438073438,silaslockman@prohaska.info
33,"Bernier, Wuckert and McLaughlin",Myrtis Hahn,7432760674,alisalarkin@mccullough.net
29,Abshire-Walker,Bryana Koch,6195411160,mavisspinka@aufderhar.com
23,Jaskolski-Borer,Kylee Parisian,7164320840,irwinnitzsche@prohaska.name
18,Lebsack-Feeney,Iliana Weimann,8653698194,russellrice@hahn.io
6,Lakin and Sons,Branson Labadie,3743547677,shanellehowe@wehner.com
43,Howe-Glover,Griffin Conroy,1375225051,carmelovon@connelly.net
8,Huels Group,Jan Hegmann,9938051201,dejaorn@muller.biz
21,Wiegand LLC,Bernita Larkin,6390694406,franklehner@douglas.net
27,Muller-Morar,Tremaine Zieme,3196207094,neldaveum@lemke.info
9,"Thiel, Yost and Kovacek",Savanna Oberbrunner,3768161833,mariettatillman@nienow.com
38,Funk LLC,Garfield Tillman,7312252673,warrenblanda@pfeffer.name
32,Nitzsche-Schroeder,Shannon Fahey,3108816177,patiencekonopelski@mccullough.io
45,Carter-Padberg,Wyatt Stokes,8095637714,emelycremin@abernathy.io
14,"Jacobs, Schulist and Beier",Darrick Feeney,9637302225,joanneconsidine@price.org
26,Grant and Sons,Phyllis Jaskolski,6524854783,coltonlubowitz@emmerich.io
49,"Orn, Oberbrunner and Quitzon",Tate Schinner,3386749725,lolitapadberg@langosh.org
43,Nolan-Moore,Mike Brakus,7535273572,dakotarempel@torp.org
40,"Wuckert, Farrell and McClure",Patrick Reichel,6638373235,irwinmitchell@hessel.org
23,Kiehn-Franecki,August Purdy,9660228291,kaseyerdman@yundt.name
7,Will-Metz,Maxime Zieme,9746517800,rivermills@bashirian.name
5,Swift Inc,Rae Weber,1523153299,emildicki@feeney.biz
1,Heaney-Doyle,Dessie Hoppe,5499220503,alycelemke@vandervort.io
39,Sporer-Howe,Miles Marks,6483641013,missouriwehner@schoen.net
16,Koelpin-Ryan,Lelah Williamson,4899795023,velvaheaney@huels.io
3,Metz Inc,Tomas Sporer,4678617990,raulhuels@mraz.org
18,Lebsack LLC,Ole Ledner,1608611817,clintonhilpert@grady.net
2,Walter Group,Monserrat Kling,5029030118,gregtrantow@parisian.org
6,Gerlach LLC,Manuela Gusikowski,3578318462,joanniefeeney@hoeger.name
26,Heidenreich and Sons,Sigrid Deckow,7058843762,linniebernier@muller.biz
43,Wehner-Schultz,Marco Green,6855226624,shakirajohnston@grant.org
23,"Bashirian, Ortiz and Armstrong",Arielle Brown,1656420382,darrongleason@hintz.name
42,Emard Group,Stefan Rohan,2081816391,alexandreacasper@kovacek.com
5,Schulist LLC,Israel Cole,2237218886,monakoss@heaney.io
15,"Jacobson, Gleichner and Anderson",Maggie Tromp,2053063261,skylakuhn@heller.name
16,Considine-Rau,Vernice Abshire,8498938488,rickeysatterfield@orn.biz
25,Reynolds-Little,Viva Bernhard,9942780917,hanspfannerstill@keebler.name
48,"Swaniawski, Reichert and Stroman",Marianna Hodkiewicz,7093887414,rosemarylangworth@padberg.info
20,"Senger, Torp and Walker",Verner Kilback,5930229659,eleanoralarkin@pfeffer.io
6,Gutmann-Cormier,Moriah Berge,3543279722,brisamitchell@upton.info
47,"Jerde, Konopelski and Mraz",Bethel Bauch,5777959209,mollietorp@kovacek.io
42,"Quigley, Schultz and Franecki",Alf Hartmann,7955217052,everoberts@kovacek.name
37,Wisozk and Sons,Arne Denesik,4091336531,pricedenesik@osinski.net
11,Bins Group,Willie Padberg,5942195402,haydenrenner@leuschke.name
9,Jacobi Inc,Elyssa Boyle,6086795251,claudiegreenfelder@schulist.net
21,Weissnat-Herzog,Ryleigh Dickinson,3113003207,maybellepredovic@feest.name
4,Krajcik-Sporer,Travis Tremblay,5883057914,williamzboncak@wisozk.net
19,"Doyle, Turcotte and Kshlerin",Creola Beahan,3473273028,sibylkris@durgan.com
3,Stehr Inc,Ona Walsh,8103063811,maybellgutkowski@kunze.info
7,"Lakin, Bartell and Bernier",Ellen Christiansen,6054006658,ladariusabshire@mccullough.biz
36,Haag-Prohaska,Dejuan Corkery,6323638968,alernser@trantow.io
35,Bernhard and Sons,Ward Collins,1499745846,anastaciodonnelly@douglas.net
17,Corwin-Jacobi,Lempi Leannon,9571359621,demarcostroman@dietrich.org
5,Yundt-Wiza,Vivian Kutch,3605245535,dorisgrant@leffler.io
50,"Lueilwitz, Mante and Rogahn",Keira Quitzon,2245156374,artbotsford@oreilly.biz
34,Daniel Group,Cary Hammes,6688631111,emmanuelleturcotte@heller.org
46,"Balistreri, Emmerich and Beatty",Callie Schowalter,4388087285,keltonhilpert@klocko.org
22,"Harvey, Vandervort and Walsh",Ansley Mills,1690775569,lunastokes@quitzon.info
42,Ernser Inc,Sherwood Rohan,2049490286,lillymoen@torp.info
6,DuBuque Inc,Arvilla Toy,6821651017,flocollier@welch.org
9,Ullrich-Stamm,Connie Cartwright,5089151195,josepaucek@labadie.io
36,Corkery-Barton,Tyson Upton,8744395346,katherynhuel@yundt.com
3,Weber-Fadel,Coby Rodriguez,4385550897,delbertblanda@oreilly.name
9,Powlowski-Wilkinson,Reggie Kuvalis,1539998934,brodykulas@boyle.org
2,"Casper, Rath and Reinger",Freddie Grimes,2956524690,prudencedurgan@keebler.biz
23,"Ritchie, Anderson and Cormier",Kole Bradtke,2625480782,penelopesenger@breitenberg.net
42,Krajcik Group,Fletcher Schumm,1581951255,clevelandkihn@waelchi.net
4,Schulist-Skiles,Lauryn Gutkowski,9365774725,johnniestoltenberg@schamberger.info
43,Schroeder-Tillman,Waldo Paucek,1703263346,fritzcorkery@cummerata.biz
32,Wiegand-Stiedemann,Florence Luettgen,2699220518,edythechristiansen@fay.name
30,"Murray, Kub and Shields",Lane Goodwin,6712654551,lavonmuller@wunsch.io
32,Stamm-Pouros,Johnathon Simonis,5856817515,shainamueller@mohr.org
30,Marquardt Inc,Brown Breitenberg,9982683158,gilbertojohnston@yost.name
37,"Dicki, Gorczany and Greenfelder",Dean Crona,8525364977,harrisonlebsack@nienow.com
33,Wiza Inc,Enrico Hintz,3245772898,simwisoky@koch.org
20,Schmitt LLC,Queen Dickens,2316576951,beaukozey@nicolas.net
39,Bernhard and Sons,Francesco Koss,1922758618,harmonyrunolfsdottir@hessel.biz
19,Runte Group,Joshuah Huel,2116323176,carlieschamberger@tremblay.info
3,Bins-Larkin,Alysa Hansen,5060103041,elwinkoelpin@kling.biz
23,Koepp-Mraz,Tremaine Dietrich,2303005440,colepfeffer@wyman.org
15,Lockman and Sons,Joana Abshire,5231739149,delpharohan@lynch.biz
26,"Veum, Kessler and Steuber",Charlotte Douglas,4901562988,felicitymclaughlin@hintz.io
39,Olson-Bernhard,Karl Walker,3024452304,abbydibbert@rempel.io
7,"Frami, Klein and Koss",Victor Howell,4513505766,blaiselemke@botsford.io
39,Braun Group,Teagan Cartwright,4056515005,lilianekrajcik@oberbrunner.name
15,"Russel, Ritchie and McDermott",Kaylee Schumm,7322391124,mableschulist@heaney.org
8,Funk-Lockman,Allen Hills,7744785447,priscillakrajcik@larkin.name
29,Klein Group,June Gottlieb,5597757768,everettemoen@bashirian.info
48,Stark Inc,Fannie Dietrich,9085240769,dorarenner@von.com
36,Waelchi-Hickle,Gaylord White,2765622835,shaynehintz@rosenbaum.com
27,"Christiansen, Lehner and VonRueden",Nicholaus Casper,7245517681,evelyndeckow@gerhold.biz
32,"Moen, Murazik and Leannon",Sabina Marvin,2997272143,jarrodwehner@runolfsdottir.org
9,Kemmer Inc,Brendon Jacobson,9220840912,betsyreinger@miller.org
14,Little and Sons,Margaretta Kihn,2102611988,andrerunolfsson@herman.io
33,Pagac-Mosciski,Adeline Satterfield,7641998994,adrielstracke@spencer.org
3,Dicki-Stoltenberg,Ford Wehner,6481236996,charitywalker@lakin.biz
41,Sawayn and Sons,Aletha Rice,1301501200,devonrunolfsdottir@hegmann.biz
13,Schuster and Sons,Skye Reynolds,6416566632,kristinroob@rice.net
3,Cormier-Leuschke,Antonina Gerlach,6357884780,kristaschiller@bashirian.io
29,"Brekke, Watsica and Grady",Janick Barrows,7936859997,cynthiaheidenreich@rosenbaum.net
33,Buckridge Group,Jordan Heaney,3843406065,carycrooks@dubuque.biz
18,Predovic and Sons,Alisha Nienow,1555751806,jadesmitham@dietrich.net
27,Casper-Abernathy,Adolfo Bechtelar,3481552354,lottieebert@stehr.biz
47,Pouros Inc,Cheyenne Hilpert,9855719877,joannycrooks@green.name
49,"Hegmann, Farrell and Considine",Shanie Fisher,7061723639,lawrencegerlach@zieme.org
48,Pacocha and Sons,Destiny Wiegand,9228448006,alicehessel@torphy.io
1,Thompson LLC,Jacklyn Kautzer,5991678536,davonbraun@goodwin.io
24,Nitzsche and Sons,Casper Rice,6181533851,mohammedjohnson@greenholt.info
30,"Ledner, Jenkins and Rempel",Shane Carroll,9946994817,albinatreutel@lindgren.name
25,"Lindgren, Harber and Schneider",Dusty Keeling,4975830101,charliepredovic@fadel.info
42,"Kautzer, Walker and Schmitt",Letha Monahan,3193112458,beulahdickens@lemke.com
2,"Swaniawski, Stokes and Kreiger",Halle Buckridge,1818618108,timmothykunze@schumm.com
9,Daniel Inc,Cecelia Bernhard,4215463158,calebcorkery@wehner.io
4,Blick-Vandervort,Shana Toy,1981810915,rozellabuckridge@barton.io
37,"King, Bergstrom and Bogan",Antonette Buckridge,5344408799,rosemariemurazik@cassin.net
16,"McKenzie, Rau and Trantow",Lucious Boehm,5015919700,paolohoeger@grimes.io
22,"Konopelski, Williamson and Herman",Zelma Russel,8834658540,clarissalesch@williamson.net
39,"Trantow, Roberts and Reichel",Rita Hoppe,4680331342,busterlehner@robel.name
26,Walter-Beier,Della Price,9586908416,maryamkilback@jewess.com
19,Jones-Huels,Rhett Jakubowski,8897252410,marisadietrich@cormier.name
17,Jewess and Sons,Leatha Morar,7491105117,nigelwill@roob.io
22,Murazik LLC,Alvina Johnston,1109650483,alvenahaley@balistreri.org
22,Hartmann-Mills,Izabella Satterfield,1530762174,camdeneichmann@kovacek.io
43,Swaniawski and Sons,Hobart Tillman,4511308324,stephoncrist@conn.biz
34,"Kub, Volkman and Franecki",Darrin Christiansen,7716343123,leonardoschamberger@smith.net
8,Gorczany Inc,Hildegard Block,9426285239,devenpollich@barrows.com
21,"Mills, Senger and Hayes",Guillermo Gutmann,7674002680,bettereichel@legros.com
39,Rempel LLC,Emmanuel Pagac,1432163174,jaynecrist@senger.com
34,Armstrong-Kautzer,Lillian Kuhic,8570475655,elissasatterfield@ledner.io
19,Kuphal and Sons,Alexander Treutel,6731932604,shanonjaskolski@wisoky.net
22,"Deckow, Gislason and Gorczany",Dasia Koss,3241373811,joannyreynolds@brekke.com
19,Reinger Inc,Marcus Rutherford,4550119711,alishaharris@pfannerstill.name
21,"Feest, Kessler and Jaskolski",Kamille Abernathy,8142540834,hilmalabadie@terry.org
32,Kemmer Group,June Cummings,1431643014,barneyfeeney@rosenbaum.com
30,Farrell Group,Ewald Pacocha,2825595176,alfordmoore@jewess.com
5,Abernathy-Rutherford,Leopoldo Kshlerin,4820488846,adelawolf@hermann.biz
23,Blick-Cronin,Floy Carter,9679016219,zackcorwin@altenwerth.info
1,Bartoletti Inc,Alison Roob,7735005577,rethabartell@morar.net
33,"Senger, Herzog and Stanton",Boris Considine,1490828426,dylanbins@osinski.com
20,Paucek-Orn,Jon Ebert,5480413012,madilynzboncak@lynch.biz
14,Runolfsson Group,Ardella Mann,7420149376,katrinalang@cormier.org
11,Grady Group,Preston Kerluke,6757516142,maiyametz@rogahn.net
50,Huels-Brakus,Simone Simonis,3575850418,clarkschroeder@kunze.io
31,Cartwright Group,Lindsey Murray,4656296255,mandycremin@bins.com
46,Stokes Group,Talon Stanton,9818823811,elwinschmeler@hackett.info
48,"Fisher, Goyette and Bode",Jerrod Harris,4840113034,angelaheller@kris.io
10,Dickinson and Sons,Eliane Paucek,8256320711,adolpherdman@kihn.info
4,"Stehr, Treutel and Lynch",Pearl Walsh,4562565623,ronfisher@kuphal.com
38,Sporer Inc,Karolann Rice,8541992617,marianrussel@konopelski.biz
31,Wisoky and Sons,Buddy Lind,1862654576,antoniodaniel@howe.org
4,Bogisich Inc,Meredith Ziemann,3001324132,cassiewiegand@yost.biz
38,"Eichmann, Schuppe and Christiansen",Kaitlin Dare,1042885427,sethsanford@crist.org
15,"Mante, Goldner and Witting",Duane Mraz,7304602852,moniqueupton@doyle.name
32,Feest-Predovic,Warren Kozey,8801261634,damieneichmann@williamson.info
27,Sporer and Sons,Rebeca Bode,8235094133,georgebartoletti@lehner.info
39,Ruecker-Dibbert,Justyn Schmeler,7123345743,rosalindabatz@kunde.net
31,Beer Inc,Maude Okuneva,4276204727,darrellokuneva@senger.io
10,Littel Inc,Barney Marvin,9776246432,christinerempel@morar.io
32,"Ullrich, Schiller and Kuhic",Vivien Stark,9448346537,kirkbogan@dicki.info
31,"Boyle, Durgan and Mante",Toni Medhurst,1156775018,nestorheller@miller.biz
34,Schmitt-Tromp,Ervin Cole,1431771573,ottiseffertz@feest.com
22,Hauck-Legros,Adrain Blick,7922277488,judecasper@mills.biz
47,"Funk, Fay and Ryan",Kraig Runte,2129204146,lonniekshlerin@brakus.org
46,"Konopelski, Kuhic and Hauck",Anibal Luettgen,9607941353,margottowne@mayer.name
44,Crona-Erdman,Bernadine Barton,8497501699,mercedesbeier@huel.net
49,"Zulauf, McKenzie and Howe",Cristobal Robel,3408025691,candidagusikowski@schaden.org
25,"Casper, Legros and Larkin",Dorthy Bogisich,8679450096,kaelarice@schaefer.name
43,"Koelpin, Durgan and Russel",Ben Jacobson,8256827248,dawsonharber@labadie.biz
39,Nienow-Padberg,Laurine West,5379336363,justonemard@russel.biz
48,Hartmann-Batz,Erik Kirlin,2796074249,ilawalsh@breitenberg.name
26,Dare-Rempel,Pedro Marvin,3531528774,abigaylehoppe@armstrong.net
40,Cummerata-Rolfson,Leonardo Ortiz,2626615630,junefeest@rogahn.biz
48,"Roberts, Schimmel and Toy",Paul Lehner,7720824816,darrylwolf@hammes.io
26,"Mohr, Grady and DuBuque",Bertram Labadie,8769932181,archibaldwisozk@kreiger.info
15,"Rodriguez, Beer and Dietrich",Francisco Bruen,6215853411,orangerhold@little.io
44,Reynolds Group,Joelle Lakin,6781288664,alveraritchie@towne.com
41,Johnson-DuBuque,Delmer Wilkinson,5673387845,marcelinostroman@roob.name
2,Williamson-Botsford,Annamarie Aufderhar,5553852425,dedricullrich@reynolds.com
27,Spencer Inc,Shakira Bruen,5367653071,chelseyrohan@huel.name
18,"Okuneva, Gleason and Bogan",Sydney Herzog,3986557805,orphabeer@schamberger.com
32,"Stroman, Bartoletti and Klocko",Kaley Hodkiewicz,2190981709,lucilemohr@herman.net
34,Rohan LLC,Charlie Schneider,6394057414,dellakuphal@gusikowski.org
34,Kirlin and Sons,Gladyce Reilly,3451074556,mattherzog@keebler.net
3,Ledner-Rippin,Nona Anderson,5901769183,liammante@hartmann.com
46,Smitham Inc,Jeanette Mueller,4782671829,karleebrakus@bogan.name
9,"Yundt, Price and Hodkiewicz",Emilio Heaney,1537031270,jordanlarson@ryan.io
3,"Kuvalis, Huels and Dicki",Salvador Thiel,8399164887,judymarks@huels.io
18,"Waelchi, Nienow and Klocko",Jerad Russel,7543106304,kalebkirlin@reynolds.info
37,Thompson-Morar,Sydnee Kunze,2594490383,daltonboyle@mraz.io
34,"Keeling, Price and Dooley",Elbert Schmidt,7607399470,brantlarkin@renner.biz
28,Schoen-Homenick,Abbey Hirthe,1147445119,laurinemacejkovic@heaney.io
4,Schmitt-Rohan,Toy Runolfsson,2912403038,jamilgreenfelder@zulauf.net
35,Runolfsdottir Inc,Kellie Fahey,8436059266,lydarempel@denesik.org
43,Lynch-Collier,Jeanne Schuppe,7274889226,eulaliasmith@eichmann.com
10,Paucek-Cruickshank,Georgiana Mayert,8701263961,irmaschaden@turner.net
31,"Ankunding, Bayer and Wolff",Lolita Mante,7104014136,devancummings@berge.info
35,"Graham, Waters and Schuppe",Jaycee Pollich,1057342829,tobyzulauf@bartell.name
17,Balistreri and Sons,Alysha Feeney,2510421593,sylvestertoy@bogisich.io
18,Cassin-Dare,Margie Kozey,2181300190,watsonmccullough@dickinson.net
22,Franecki-Marquardt,Jaquelin Corkery,7103611314,dexterthompson@windler.biz
42,Price-Crona,Delores Donnelly,3235591166,rigobertomitchell@bogisich.biz
44,Brakus-Bruen,Ernest Metz,9946612437,elwynzboncak@gerhold.info
2,Gutkowski Group,Antonia Harvey,6794719588,camdenritchie@von.biz
21,Boyer-Monahan,Ottis Rath,4526729098,cleolindgren@larson.biz
30,Volkman-Legros,Antonio Conroy,7493346198,elmiraondricka@feil.biz
1,Carroll Inc,Sandrine Mohr,2971822321,madilynromaguera@dubuque.org
34,"Schimmel, Heidenreich and Stroman",Grover Rowe,2357858319,shanypagac@yost.net
36,"Beer, Parker and Wiegand",Ralph Nolan,2341232255,jerrellschultz@stroman.org
43,Hoppe Group,Alize Murazik,2727652989,maynardbarton@kiehn.io
35,Schinner and Sons,Brando DuBuque,7750527291,dawnrempel@mann.biz
21,Wuckert LLC,Lucius Goodwin,8475556341,immanuelschaefer@armstrong.com
27,"Lehner, Pagac and Langworth",Bruce Koelpin,9304231154,gaetanobeier@mcclure.com
10,"Bauch, Kulas and Baumbach",Brandy Kuvalis,6278759107,jackiehills@orn.io
4,Borer Group,Larissa Dicki,7251036018,lazarobins@conn.name
17,Robel Group,Cyrus McClure,4395678526,daxbosco@davis.io
47,"Lynch, Grant and Quigley",Ethelyn Senger,3970722810,mayemuller@stoltenberg.io
37,Ritchie Group,Ansley Hintz,3042553673,luisazboncak@kertzmann.biz
29,Dicki-Strosin,Garrison Turcotte,5820778941,elianlockman@friesen.biz
39,Feest Inc,Mabelle Wiza,4175444381,susannaschamberger@cronin.info
48,Altenwerth-Thompson,Urban Crona,9450889993,tresatterfield@prosacco.biz
5,"Bahringer, Gerhold and Lemke",Tatyana Krajcik,6453169411,alexandrekiehn@sauer.net
31,Beatty Group,Lelia Gulgowski,2967105220,bryontowne@bartell.com
3,Lueilwitz Group,Lavina Zemlak,2444285906,bentonbogisich@pouros.info
3,Hodkiewicz-Zieme,Cielo Beier,5008493322,franciscabeatty@bruen.io
33,"Dickens, McCullough and Walsh",Courtney Altenwerth,3889250896,hilbertrippin@nolan.info
28,Koch Group,Leonie Graham,8910755632,jeffereybatz@wisoky.net
15,Davis and Sons,Douglas Weissnat,7570782789,jackelinekreiger@jacobi.org
31,Heller-Kuhn,Queen Witting,6080158567,montanaskiles@hegmann.io
10,Grimes-Turner,Juston Okuneva,6260672945,yazminrenner@greenfelder.com
39,"Hoeger, Hamill and Hegmann",Octavia Mitchell,9590315039,myrticemayert@yundt.io
2,Leffler-Block,Cleveland Sipes,6379659595,novalubowitz@kautzer.name
3,Rolfson and Sons,Emely White,8190389085,christianrunte@crist.biz
40,"Farrell, Torphy and Mante",Lavern Grimes,3312039028,lynnwaelchi@torp.info
48,Frami-Morissette,Reymundo Lueilwitz,7634818966,torreyhartmann@cummerata.net
12,"Oberbrunner, Bartell and Orn",Lula Kutch,6870608160,aureliobartell@bergnaum.name
15,"McCullough, Beahan and Okuneva",Karina Osinski,4273622867,brycenicolas@goldner.net
2,Hayes LLC,Zackery Monahan,5022475762,liapfannerstill@roob.io
16,"Bradtke, Eichmann and Dietrich",Mireya Marvin,5735646326,collingerhold@schowalter.com
31,"Morar, Weissnat and Ruecker",Brain Armstrong,8176609443,alvinametz@jenkins.net
27,"Kuvalis, Stokes and Bednar",America Kassulke,4705621382,viviennekling@price.net
20,Botsford-Hilll,Mose Wolff,3598756023,adolfhansen@quitzon.org
6,Macejkovic and Sons,Gordon Schamberger,7383130586,jillianjewess@prosacco.info
18,Altenwerth-Feeney,Abel Fisher,9093362478,rettaschuppe@wehner.name
41,Schowalter Inc,Marlee Wintheiser,3961723550,giovanitromp@greenholt.io
10,Bernhard and Sons,Freddie Beatty,4974134895,jessycaheidenreich@carter.com
30,Ortiz-Jaskolski,Providenci Ziemann,7605295391,haleycarroll@schumm.net
32,Veum Group,Della Schmidt,3498058830,sarinapacocha@reinger.biz
32,Schneider Inc,Brock Rodriguez,5367994579,bertaolson@donnelly.name
14,Herzog-Donnelly,Alaina Connelly,8034775147,mohamedgislason@hagenes.info
34,Goodwin Group,Kody Wintheiser,6514414148,curtiscole@mcdermott.net
10,Ankunding-Borer,Barrett Veum,9278744333,aliyahlittel@strosin.info
50,Ferry-Ward,Paolo Berge,1024100375,cristianmoore@kutch.io
5,Marks-Leuschke,Brielle Reichel,2698904501,migueljohns@jast.net
22,"Kulas, Krajcik and Runte",Crystel Russel,5462287777,delbertdamore@hickle.com
37,Beatty and Sons,Roxanne Williamson,8300408052,korystracke@quitzon.biz
17,"Koch, Mosciski and Cronin",Valerie Gleason,2152701826,shayleelind@wilderman.com
47,"Schmitt, Runolfsdottir and Wintheiser",Woodrow Jacobson,2541142765,sarailynch@hoppe.io
35,Wiza-Bayer,Orin Oberbrunner,2688815129,jordanemorissette@cole.info
10,Schmeler Group,Alphonso Botsford,4997107004,jeramyorn@champlin.io
11,Goodwin LLC,Susanna Stoltenberg,2874351195,mertiebernhard@durgan.net
44,Bernhard-Tromp,Briana Lindgren,9219826278,parisgutmann@crist.name
9,Bogan Group,Carolanne Hammes,2808020471,athenabode@lesch.org
2,Renner-Harber,Nyasia Lindgren,7567572114,maymiehahn@collins.org
50,Leffler Inc,Dax McCullough,9978128811,katelynolson@batz.biz
45,"Wehner, Williamson and Wiza",Joan Kertzmann,4590789166,chasitylangosh@reichert.biz
5,Feest Group,Maci Haley,3613395747,tyreecollier@schultz.com
19,Streich LLC,Reba Simonis,3336060825,adrieldare@keeling.info
29,Schuster-Torp,Judge Smith,4540483901,sylvestershanahan@ullrich.com
27,Rath-Beier,Kaitlin Kling,4831413699,letitiachamplin@mayert.biz
25,Greenholt LLC,Maegan Pollich,4627617566,isabellprosacco@watsica.io
35,Kuhic Inc,Evie Johns,5066244914,nyasialindgren@reynolds.name
20,Erdman-Kub,Jalyn Lesch,7680342661,janellefeil@oberbrunner.biz
23,"Stokes, Hayes and Howe",Immanuel Pagac,4643663876,agustinabernathy@keeling.name
20,"Spencer, Romaguera and Waelchi",Ashlee Nikolaus,7465525116,felicitydeckow@kulas.net
41,Osinski-Jacobson,Asia Goodwin,6637511986,rooseveltkovacek@schroeder.net
13,Batz LLC,Jaylan Feeney,3487636419,blazekoss@towne.com
7,Carter Group,Jairo Grady,9766925495,jasperwalker@kirlin.com
42,"Klein, Harvey and Schneider",Johnnie Smith,3463720485,orphamarvin@schmitt.biz
23,Shanahan Group,Sonia Altenwerth,5159268879,faviancrooks@wilderman.com
40,Grimes and Sons,Demarcus Kub,8257510257,joanniejewess@sporer.name
33,Breitenberg Inc,Keyon Cruickshank,1189884116,velmamoore@spencer.info
45,Kub-Grady,Dewayne Kuvalis,4918797724,brockconsidine@farrell.com
20,Kovacek-Skiles,Libbie Aufderhar,1834565315,sofiakuhlman@hilpert.io
40,"Block, Swift and Sawayn",Janis Bayer,1077523123,queenmurazik@hintz.info
3,"Klocko, Windler and Barton",Deon Larson,2003293725,delphalesch@hane.com
29,Halvorson and Sons,Heidi Kutch,3600803522,jazmynbatz@crona.org
3,Zboncak Inc,Aiyana Hickle,4614189369,phylliskling@sporer.io
21,Hansen and Sons,Lola Bahringer,2112117364,josephinewilliamson@breitenberg.org
41,Kertzmann Inc,Abigale Wintheiser,2244955052,marcuswitting@crist.info
5,Jacobi LLC,Angus Bernier,2893139529,colemanheathcote@collins.biz
37,Feest LLC,Viola Runolfsson,4582478002,quintonlabadie@daniel.info
49,Towne-Murazik,Anibal Hermann,1012365397,ahmadleannon@cummerata.io
48,Kuvalis-Bergnaum,Derick Lynch,6385450384,judestroman@schuppe.name
15,"Wisoky, Auer and Koepp",Waino Cremin,9662501990,boschinner@olson.biz
48,"Kessler, Lynch and Kris",Eryn Runolfsdottir,4667060363,sammiegulgowski@price.info
31,Huel LLC,Ruthe Casper,2489082120,emmahomenick@hirthe.com
48,"Spencer, Smith and Casper",Filiberto Franecki,7653805378,eugenerosenbaum@gottlieb.com
50,Bergstrom-Kohler,Beverly Hegmann,9799838410,rubystiedemann@lind.org
28,"Bergnaum, Haley and Williamson",Abdul Wiza,7051407706,jarrelllittel@metz.com
17,Wiza Group,Rosella Wilkinson,7340867822,chasityondricka@buckridge.biz
11,"Price, Waelchi and Steuber",Krystal Will,5697558140,wyattupton@hammes.biz
23,Leannon-Littel,Mariana Kemmer,5611945996,hildegardjast@schowalter.com
43,"Stark, Nitzsche and Krajcik",Paul Wyman,1538916935,gregdaniel@turner.biz
10,Lesch-Jast,Noah Rau,4382782157,eribertowuckert@little.name
14,Grimes-OReilly,Roy Emard,3017700475,mertiemedhurst@emard.com
31,Hudson-Aufderhar,Catharine Labadie,6415123442,mortonturner@kessler.info
16,Considine-Rogahn,Hans Willms,6379282379,justuswillms@runolfsson.net
14,"Dibbert, Schultz and Cole",Ambrose Adams,8687004011,roybednar@wilderman.io
44,Wisoky-Quitzon,Victoria Douglas,1543310577,olaschuppe@stark.biz
3,"Shanahan, Ankunding and Huel",Garland Donnelly,4566256868,krystalroberts@blanda.org
20,Rutherford-Renner,Lonny Cole,2410965188,pinkhauck@upton.info
33,Cremin-Hansen,Wilber Quitzon,6729308587,celinegottlieb@fay.biz
25,Sawayn Inc,Erwin Wuckert,5365212730,dayneveum@halvorson.com
31,Ritchie-Schneider,Beulah Hahn,5042607459,sigmundabshire@pollich.org
43,Schultz Group,Jerald Hane,5691997475,annabellstanton@mcdermott.com
47,"Prosacco, Kuhic and Reilly",Ella Gulgowski,7875751695,ericamcdermott@donnelly.io
41,"Weimann, Altenwerth and Pacocha",Verlie Kiehn,1183435054,priceyost@dickinson.net
31,Crooks-Schamberger,Delilah Goodwin,7381846967,sandrabayer@dach.io
15,Konopelski Inc,Alene Mraz,4200496271,vitabergnaum@mosciski.info
40,Breitenberg and Sons,Rosamond Kassulke,9367945816,bernardoyost@haag.io
3,Wunsch and Sons,Gerson Vandervort,2644832378,nelstillman@kilback.io
16,Sporer Group,Taryn Nienow,4927324192,angelomraz@aufderhar.net
27,Stroman-Mertz,Christina Jacobi,3783218483,claradenesik@sanford.net
17,"Lind, Waelchi and Langosh",Dillan Purdy,4828016984,pinkiehudson@wunsch.info
10,Mertz Inc,Ottis Will,5507555975,vicenteyundt@windler.com
35,Erdman Inc,Christian Jacobson,3197209554,armanijohns@abernathy.biz
28,Bernier-Mills,Mitchel Mitchell,7470885551,hazlehahn@lockman.name
12,"Emmerich, Von and Walsh",Cornell Lebsack,3532266699,gillianblanda@langworth.org
20,Altenwerth-Crona,Clara Senger,9989731057,hailiechamplin@conroy.org
9,"Wolff, Bauch and Jenkins",Merlin Kohler,5785820858,audreygrimes@lebsack.net
28,"Feest, Ryan and Terry",Sherwood Gislason,8444071782,nicolasschaefer@waters.org
42,"Cole, Glover and Friesen",Koby Christiansen,1835456578,emelieshanahan@parisian.io
6,"Hoppe, Pollich and Shanahan",Rosemarie Schowalter,3804882925,colemangreenholt@hickle.biz
14,"Sawayn, Schmitt and Abbott",Kiana Goldner,4752389190,westoncollier@fahey.com
20,Bosco-Rohan,Rosalia Baumbach,9929571150,eleonorehyatt@bartell.biz
45,Bednar-Marquardt,Raymundo Leannon,1399190742,durwardmarquardt@corkery.com
26,Deckow-Waelchi,Trevor Lebsack,9832546838,demariomcglynn@cassin.biz
42,Rohan-VonRueden,Tomas Runte,4507293066,carliehartmann@russel.org
47,Murazik-Reinger,Pattie Jenkins,6581834184,maeganoreilly@schiller.io
14,"Dickinson, Feil and Conn",Ova Lockman,4537220962,theodorebalistreri@simonis.net
49,Hane Inc,Allie Abshire,9784613675,cecilejakubowski@bashirian.name
31,Larson-Koepp,Trisha Fay,2921361005,israelschoen@lueilwitz.org
10,Weimann-Collins,Cassandre Bahringer,9206627329,terryhessel@padberg.biz
8,Cronin-Turcotte,Evangeline Hodkiewicz,1697756357,henrischmidt@jenkins.org
15,Friesen-Fisher,Jermey Jacobson,1790875741,keanubarrows@batz.org
2,Nader Inc,Ben Kilback,3698925550,adolphusquigley@homenick.com
4,"Sauer, Mayert and Bauch",Ewell Leuschke,8625950197,fernkuvalis@grimes.net
8,Ortiz-Witting,Edison Okuneva,7632817333,erasporer@lueilwitz.name
14,Dare-Terry,Elfrieda Labadie,9188830239,orenmann@conroy.biz
44,Langosh-Cartwright,Breanne Connelly,4428470965,rosemaryroob@wehner.biz
9,McDermott-Berge,Bertrand Upton,1147791711,jedediahhegmann@gleason.net
23,Schuppe Inc,Arne Ferry,5588251538,aileenhyatt@parisian.info
6,"Schinner, Maggio and Kuhlman",Kenny Willms,7494453861,tyreekhomenick@gaylord.net
37,Zemlak LLC,Audie Steuber,1428561683,kiaraupton@schmitt.name
36,Mitchell-Torphy,Kaia Jakubowski,4422604247,olinfeest@kub.name
8,"Gusikowski, Nader and Stiedemann",Darby Nader,7268450209,eldoratremblay@krajcik.biz
17,"Denesik, Herman and Kunde",Geo Haley,3569280994,cindyupton@steuber.com
10,Schaden-Jerde,Krystina Abbott,7605224816,mortimerbradtke@aufderhar.com
33,Kerluke-Ratke,Charity Wehner,6743660967,demariokihn@mayer.com
29,Littel LLC,Hipolito Goodwin,6977465615,floridakozey@marquardt.org
41,"Nader, Thompson and Senger",Lindsey Hegmann,7715294542,kirstinjerde@goodwin.biz
15,Ziemann-Berge,Lucinda Gorczany,1094970306,emelypredovic@waters.info
19,"Lakin, Stehr and Ward",Nelda Gerlach,7472659099,hollielebsack@greenfelder.org
32,Fritsch Group,Isaiah Cronin,9715426256,emmetschultz@feil.io
25,"Monahan, Johnson and Becker",Estell Schamberger,4896552738,lemuelturner@dibbert.name
4,Bartoletti Group,Aimee Moen,4657092121,beatriceschamberger@stehr.org
17,Doyle LLC,Fritz Stark,3320532651,josianeweissnat@schowalter.com
40,Flatley and Sons,Buster Hodkiewicz,5549218788,lourdesnikolaus@koelpin.io
32,Thompson Inc,Angela Auer,2472183361,jaydengerlach@boyer.net
24,"Bogan, Pollich and Cassin",Diamond Armstrong,9266668596,chesterwillms@langworth.info
7,Bartell-Hodkiewicz,Chandler Friesen,9472825408,josehoppe@fritsch.com
17,Feeney-Gorczany,Marjolaine Gusikowski,5165755757,artritchie@cole.info
35,"Gorczany, Waelchi and Schmeler",Conrad Hartmann,8603847369,tanyagoldner@powlowski.io
8,Schiller Group,Lucy Klocko,6984549407,bradzulauf@mcglynn.biz
33,Hammes-Haley,Natalia Smitham,6135083356,teaganmacejkovic@smith.io
1,Schowalter-Kshlerin,Harold McClure,8221244730,tevinoberbrunner@rowe.org
26,Walsh-Rogahn,Aaliyah Heathcote,1972856710,nicolaswehner@welch.io
8,Bogan-Wunsch,Karen Hyatt,2295975020,viviannebednar@cremin.com
7,"Koelpin, Klocko and Walter",Josie Schroeder,6085543455,evehyatt@franecki.com
41,"Gleichner, Wolff and Hoppe",Rafaela Schulist,1383121341,dorthycummerata@zboncak.net
47,"Paucek, Bauch and Leuschke",Kattie Jenkins,3216667192,deontaemetz@grady.net
15,"Doyle, Kuhic and Turcotte",Titus Walsh,2562596893,cooperrodriguez@bednar.info
33,Lockman LLC,Fritz Prohaska,8155287179,russelemmerich@mcclure.io
32,Kihn-Champlin,Velma Runolfsson,4052130356,elwynjones@gottlieb.io
10,Hyatt-Schuppe,Delphine Altenwerth,4311695421,lillydubuque@towne.org
9,Bernhard Group,Joaquin Schoen,6283238295,jaimelockman@cremin.info
7,Strosin-Mosciski,Larissa Grimes,6364775558,nathanialbahringer@barton.net
46,Fadel and Sons,Alia Stracke,1592819034,jonasmedhurst@hansen.org
38,Breitenberg-Hammes,Jeramy Hessel,7489465366,cristianreichel@walter.info
24,Zemlak-Bednar,Ocie Boehm,4541462589,granvilleleuschke@gislason.org
12,Koss-Medhurst,Keyshawn Cole,5414734811,leannekihn@orn.name
7,Swift Inc,Sidney Johns,3278997119,jasonnolan@kautzer.org
1,"Runolfsdottir, Thiel and Jakubowski",Adelbert Koepp,1291863740,vadawelch@hansen.name
40,Collier-Kling,Alyce Runolfsson,8049338755,harrisonhilll@kub.biz
32,Cronin and Sons,Arvel Fisher,2614156204,gracerohan@kassulke.name
19,Ortiz-Pfannerstill,Ava Sipes,5841354422,marcellarohan@bins.io
4,Zemlak-Turcotte,Brody Jaskolski,7588478994,phyllisgrady@rempel.com
7,"Orn, Greenfelder and Kilback",Reginald Brekke,5930841620,isachayes@barton.org
30,"Schamberger, Schneider and Strosin",Sherman Haag,8110677657,mavisjohnston@weimann.net
37,Kling-Bosco,Cynthia Howell,1916035227,princessschoen@harvey.io
11,"Fay, Maggio and McCullough",Murphy Lynch,5204548136,carabins@quigley.net
38,Hoeger-Legros,Raheem Cummerata,5532535726,kalesenger@moen.org
18,"Langosh, Toy and Feest",Wilfred Bartell,9655718170,raulconsidine@larkin.org
4,Dickens LLC,Alford Johns,8341355269,joanwisozk@kuvalis.com
50,"Feeney, Von and Bauch",Norbert Beahan,5793516808,rashawnparker@boyer.info
29,Howell-Miller,Hipolito Wiegand,3989197367,viviandickens@greenfelder.com
18,"Emard, Davis and Luettgen",Harry Dicki,6000126326,eileenmcclure@shanahan.org
18,Walsh-Raynor,Sandra Oberbrunner,3933684058,vilmaswift@altenwerth.name
44,"Roob, Schaefer and Breitenberg",Narciso Powlowski,2050892397,kyleebarton@schaden.name
5,Osinski Inc,Berenice Treutel,5248400500,jakelowe@prohaska.io
44,Champlin Group,Emilio Mraz,8646224243,alanmante@schultz.io
23,Prosacco and Sons,Kariane Windler,8664640839,eleanorakiehn@zboncak.info
26,Heller-Grimes,Aisha Leuschke,6645182681,mckennahodkiewicz@mayer.biz
12,Dach and Sons,Albert Shanahan,6029984215,joycehauck@towne.biz
30,"Romaguera, Stracke and Hagenes",Mohammed Dickinson,6387676395,nolagaylord@lakin.com
30,Hegmann-Pagac,Maurice Morar,9029266440,osvaldonitzsche@ziemann.info
9,"Cole, Johns and Ullrich",Mekhi Sporer,9123078844,roelbernier@satterfield.info
15,Fritsch Inc,Hattie Watsica,2299296439,brettlemke@bruen.org
25,"Marquardt, Gulgowski and Hilll",Gladyce Eichmann,5919416829,claudschumm@bins.com
22,Hilpert Group,Scot Feil,6834459019,sandrakertzmann@sawayn.name
25,Zieme-Sawayn,Antonia Krajcik,3049143338,hughweimann@carter.net
49,Emmerich Group,Josie Welch,1364117845,enamann@erdman.io
16,Hettinger-Block,Marietta Swaniawski,2076768564,skyewehner@gorczany.io
11,Kshlerin Inc,Gia Jakubowski,7144969546,bernadineschuster@konopelski.info
10,"Bechtelar, Tromp and Hills",Kaylie Herzog,3960171441,joannyyost@block.info
30,"Bashirian, Rippin and Fadel",Sanford Rogahn,2488351074,cheyannecole@koch.biz
33,"Altenwerth, Powlowski and Ledner",Vilma Fisher,4109371945,bernitaabernathy@moore.org
23,Spencer-Roob,Mariela Cole,1330942516,lavonebert@denesik.io
21,Kozey Inc,Glennie Nitzsche,8557698505,theresiawyman@schoen.net
11,Halvorson Inc,Adrian Davis,7060968588,sebastianwest@cummerata.info
30,Rutherford Inc,Bernadette Murphy,9144297416,gwendolynjenkins@muller.com
18,Gutkowski-Schulist,Leda Shanahan,5148659055,eliascummings@buckridge.org
37,"Kshlerin, Olson and Morar",Raul Kozey,1930933047,orvillemarvin@smith.com
15,Lebsack and Sons,Lukas Predovic,7071084291,carleejerde@quigley.io
19,Schmeler-Batz,Einar Stroman,5657915831,saraikautzer@kiehn.info
13,Cartwright Inc,Katrina Wilkinson,9899276387,kyliekemmer@lynch.com
24,"Marvin, Hilpert and Mertz",Damian Schaden,9784840345,miawelch@davis.net
39,Douglas-Auer,Lucie Nienow,6529350345,jeanettenolan@bartell.biz
37,Grimes-Kuhn,Aletha Kemmer,6475825582,gabebecker@quigley.biz
39,"Reinger, Mohr and Ortiz",Sydni Murazik,6345191104,nestormurphy@pfeffer.org
3,"Morissette, Douglas and Murray",Hilda Abernathy,9098026515,clovisdoyle@stamm.info
31,Anderson-McLaughlin,Carey Goldner,2165566604,joseroberts@champlin.biz
35,Rowe and Sons,Candelario Aufderhar,7248795159,isomreichel@keeling.name
34,Osinski Group,Cassandre Spinka,2930835129,nilsbins@jacobi.net
5,"Harris, Keebler and Bednar",Esperanza Hyatt,9018235702,tracehodkiewicz@ankunding.name
43,Parisian Inc,Annamarie Bruen,4400386972,nikitasmitham@sporer.net
50,Mosciski-Doyle,Jackeline Rolfson,7482270483,jordybosco@walker.info
13,"Kemmer, Cruickshank and Monahan",Nickolas Osinski,5934813700,bradfordpagac@grady.name
4,Wolf LLC,Thurman Hessel,8606959838,richiehauck@mraz.org
13,Treutel and Sons,Ryley Hoeger,8943023654,doviehettinger@mann.com
39,"Hirthe, Leuschke and Krajcik",Dovie Hamill,2812692156,kurtisolson@schowalter.name
5,"Breitenberg, Stark and Swaniawski",Nash Ernser,4208099108,dwightfahey@stroman.com
10,Nolan and Sons,Edna Barrows,5396049993,milanrau@mayert.info
35,Halvorson-Wisozk,Veronica McGlynn,6983671876,kamillemurazik@stamm.com
26,"Leuschke, Schaefer and Langworth",Maryam Zboncak,5587033406,tatumwill@douglas.info
15,Schmeler-Satterfield,Arlene White,5566681543,ellazieme@kunze.net
8,Ryan LLC,Orion Waelchi,4428308433,luellawelch@homenick.biz
3,Mraz LLC,Daniela Stroman,7761629501,wallaceturner@greenholt.com
10,Connelly Inc,Amelia Orn,3100474283,katarinashields@howe.info
47,Zieme Inc,Molly Kuvalis,8476851194,devynwillms@waelchi.org
4,Boyer-Jaskolski,Durward Lind,2215099713,candidaboyle@bogan.name
10,Cartwright-Denesik,Joshuah Mosciski,5533801647,rileyjacobson@schinner.net
18,"Reinger, Ankunding and Keeling",Jalen Wunsch,5473625639,nestorkassulke@runte.com
2,"Collins, Hilll and Muller",Hershel Pagac,8142713123,skylarschmeler@gulgowski.com
34,Osinski-Mueller,Katharina Cremin,6435338990,robbieheaney@keeling.com
41,"Heller, Wuckert and Buckridge",Pinkie Nicolas,4986641058,nickolasdubuque@champlin.net
21,"Wisozk, Hudson and Murphy",Godfrey Will,8960022791,berniecebraun@hayes.biz
36,Schaden LLC,Nicola Kautzer,5268691140,favianaltenwerth@hartmann.com
38,"Fritsch, Rath and Hyatt",Kira McDermott,9872316204,garrickchamplin@renner.biz
42,Gerlach LLC,Gussie Bergnaum,3887815865,jaymepouros@crooks.info
34,Waelchi-Quigley,Shaun Brekke,9366462821,cletabalistreri@dibbert.com
14,Lang-Kuhlman,Serena Rowe,3977530884,brooklynmclaughlin@pollich.net
46,Lowe LLC,Rosella Trantow,8118903113,nicholeturner@pfeffer.com
41,"Erdman, Metz and Bergnaum",Etha Bashirian,5449908913,sadiemarvin@botsford.name
45,Turner Inc,Gabriella Bayer,7882943731,earnestlubowitz@gaylord.net
20,"McGlynn, Jenkins and Grimes",Birdie Daniel,2400595291,melvinajerde@leuschke.io
43,Gislason-Ankunding,Alana Runte,1624291286,marilouaufderhar@feeney.name
38,Von-Bernier,Zechariah Emmerich,4533122817,elinoregorczany@gusikowski.name
50,Swift Inc,Hilton Ziemann,3281379566,adonisrodriguez@torp.com
26,Cronin LLC,Carmel Rutherford,3521238446,zoiesauer@heathcote.io
34,Borer-White,Ubaldo Bashirian,8331530892,manuelakessler@von.name
48,"Russel, Leffler and Von",Xavier Mills,1155349580,bernardorussel@schinner.io
12,Beer and Sons,Alvera Glover,6014560255,domenicoskiles@weimann.com
26,Labadie Group,Mikel Heaney,4550937844,sophiamurphy@gutmann.com
3,"Medhurst, Stroman and Champlin",Jon Walsh,1400453926,coryhomenick@trantow.io
17,Dickens-Kirlin,Foster Pfeffer,3539829771,martawindler@ward.io
47,Thompson-Lehner,Stephanie Kuhn,6478084089,evangelinesmith@kozey.biz
24,Dibbert Inc,Wendy Kozey,9954819173,warrendeckow@spinka.name
41,"Kilback, Murray and Grant",Sammie Jerde,8628814819,budreichel@olson.org
42,Pacocha-Monahan,Kavon Langworth,2743673515,fernwillms@kreiger.info
26,Hickle and Sons,Rodrick Koss,3182322304,evelineglover@hilll.name
50,Kulas LLC,Haskell Homenick,6732918481,kavonmueller@schimmel.com
42,Hirthe Inc,Rosanna Hegmann,3109107883,keanulegros@reichert.com
7,"Friesen, Kirlin and Kozey",Susana Eichmann,4984565098,kadenstroman@davis.biz
26,Rolfson LLC,Antoinette Hegmann,9488986425,tryciagottlieb@bins.net
4,Parisian-Jacobson,Helga Auer,6281251202,kathleenlangworth@feil.biz
35,Wiegand Group,Hillard Waters,5559074258,agnesfarrell@dare.com
29,Hammes-Corkery,Annamae Cummings,4542519022,pearlkuphal@rempel.net
12,"Roob, Cronin and Howe",Layla Hoeger,2962086657,ginomacejkovic@crist.name
3,Bernier Group,Myrtis Treutel,9954824629,quintonlarkin@orn.info
43,Douglas Group,Stella Little,9722361787,jeramiesteuber@koelpin.name
40,Bauch-Ratke,Kira Streich,8865027814,jettstiedemann@waelchi.name
24,Bahringer LLC,Carolina Kuphal,7534670288,opheliabuckridge@heathcote.info
4,Batz-Swaniawski,Marge Glover,6619766178,eraschroeder@weimann.info
13,"Morissette, Orn and Auer",Lora Donnelly,9085375887,lamontsenger@lind.net
7,Schimmel-Connelly,Tod Lockman,8697645843,carlosmorar@predovic.info
26,"Mitchell, Goldner and Doyle",Lacey Bayer,1711895988,aleneterry@willms.biz
39,Gleason LLC,Amara Koelpin,2077694784,elwynwilliamson@gutkowski.biz
16,Heidenreich-Roberts,Vicenta Waters,6899067674,geovannycrooks@leuschke.biz
17,Haley-Watsica,Walton Turner,8206780135,lysannequigley@crona.info
49,"Wehner, Marvin and Boyer",Noble Yundt,3341991929,luciennemayer@ziemann.net
19,"Bergstrom, Langosh and Boehm",Ola Veum,8644321436,ezequielmonahan@halvorson.name
20,"Prohaska, Davis and Hackett",Leopoldo Schiller,8915454664,omaricarroll@willms.name
16,"Parker, Huels and Monahan",Terrance Gulgowski,5609556534,marlenhuel@lynch.info
9,"Okuneva, Toy and Labadie",Issac Ankunding,4673826208,abigaleswaniawski@barton.info
1,"Shields, Reichel and Spinka",Marshall Ryan,8395275047,abemarquardt@altenwerth.biz
16,Lueilwitz and Sons,Amy Gutkowski,3232392738,reagantorp@bailey.com
11,Luettgen and Sons,Lemuel Osinski,3559199885,vedaklein@robel.com
33,Luettgen-Toy,Maia Haag,7232253237,isobelherman@block.io
43,"Parisian, Johnston and DuBuque",Zachariah Greenholt,6172949984,mustafarobel@schulist.net
43,"Raynor, Mertz and Hyatt",Bruce Mitchell,3395567667,danelind@tromp.com
38,"Parker, Hodkiewicz and Hammes",Jeremy Feest,6171481752,ralphortiz@breitenberg.com
45,"Tremblay, Okuneva and Von",Jonas Emmerich,3842396696,vanessaparisian@jacobi.net
11,Howell Group,Murl Bayer,2510063606,vladimiryundt@hackett.io
5,"West, Dietrich and Wehner",Afton Larson,8002082415,lenorewill@ortiz.com
29,Hirthe Group,Electa Rath,9904331012,lonnystrosin@greenholt.name
16,"Crooks, Stanton and Reinger",Alfreda Auer,2095570146,terryorn@hermiston.net
16,Rodriguez and Sons,Maximillia Emard,4370750442,buckgleichner@stanton.net
31,Ruecker-Kub,Lavina Hauck,6907459787,carliepowlowski@turner.name
10,Waters-Pagac,Laverna Koss,7172962474,hankconroy@kirlin.io
6,Carroll-Dickens,Martin Carter,7096272939,sigmundpagac@wiegand.biz
14,Torp-Collins,Neoma Runolfsson,9917594104,raymondjewess@rogahn.biz
21,Ritchie-Lynch,Izaiah Barrows,2165971513,devanterenner@ward.info
22,Leffler-Murray,Ellsworth Heaney,5346736879,jarretsenger@gerlach.com
29,Sporer-Nikolaus,Elmira Zieme,4179714025,jordonvolkman@connelly.com
29,"Okuneva, Kutch and Wiegand",Shanie Botsford,5228871800,victorfeest@cassin.info
5,Mertz-Monahan,Elton Koepp,7663514735,mateoabernathy@rohan.info
9,Reichel LLC,Hassan Pfannerstill,7508225584,solonhoeger@runolfsson.org
50,Bednar-Jaskolski,Chesley Swift,4475827083,victoriaboyer@dicki.name
2,Predovic-Price,Kaia Herman,7381153750,samsonsmith@swaniawski.biz
42,"Raynor, Hudson and Metz",Bernadine Greenholt,1495847701,uriahpfannerstill@murazik.net
22,"Barton, Jaskolski and Ledner",Wilma Kuhic,7569795627,felipehudson@dubuque.org
2,Grant-Jakubowski,Dannie Heathcote,3534101830,willcremin@dare.info
11,Luettgen-Strosin,Woodrow Hagenes,7617982371,tillmangerhold@wilkinson.net
47,"Macejkovic, Effertz and Ward",Ofelia Wyman,1444038157,alexzanderreichert@pacocha.com
13,Abbott-Beahan,Michelle Emmerich,3106241785,shyannschinner@fay.name
29,"Grant, Hodkiewicz and Prohaska",Orland Cassin,1115992460,madelynklocko@johnson.name
16,"Raynor, Lubowitz and Balistreri",Lowell Wiza,1090045334,chazklein@hintz.info
12,Deckow Group,Brock Weimann,4406187778,reywiegand@kuhlman.net
3,Damore LLC,Noe Daniel,6108226901,albertmaggio@walter.org
17,Frami-Farrell,Soledad Ullrich,7406219801,jerrodlueilwitz@dibbert.name
3,Bode-Pouros,Lafayette Schoen,2086664686,noemyhand@schoen.io
19,"Rath, Dibbert and Grant",Camryn Bernhard,6269237326,misaelmayert@bergstrom.info
1,Casper Inc,Damaris Wilkinson,2519523170,jevonherman@feest.name
20,Keebler-Marks,Abbie Dooley,1608227001,omariadams@price.org
40,Kris-Connelly,Oswaldo Abshire,8042674763,cadenwalter@gleason.io
25,"Ledner, Daniel and Haley",Clemens Rippin,9890618952,isidrogottlieb@breitenberg.biz
7,Bradtke Group,Raquel Herman,3269950655,ednawill@rutherford.io
26,Hauck-Murphy,Domenica Hamill,9213315802,tremaineterry@mcclure.net
6,Nicolas-OReilly,Lela Pfannerstill,2230861394,joshuahosinski@pfeffer.io
44,Streich LLC,Alberta Reilly,8544082674,emmethalvorson@mccullough.com
48,Price LLC,Reynold Monahan,3281143686,camrensipes@kozey.org
34,"Reinger, Wehner and Greenfelder",Zora Rogahn,3055375398,maritzahickle@jacobson.net
35,Moore and Sons,Ardella Rogahn,4269708088,antonettestamm@willms.com
25,Nicolas-Strosin,Savanna Gutmann,8251654803,ashalegros@mraz.io
31,Gusikowski-Roob,Arnold Kuhic,1386069713,vestapfannerstill@moore.org
2,Mante and Sons,Fay Cole,3534884402,joeraynor@romaguera.biz
29,"Cummerata, Botsford and Yost",Julianne Ward,8497462446,juneullrich@sporer.net
43,"Boyle, Lindgren and Rutherford",Celine Von,2685118922,demarcoschowalter@mertz.com
45,Rolfson-Bartoletti,Samir Hilll,1799276248,tommiesipes@reilly.name
23,Marvin Inc,Davin Gleason,1048888829,haileywehner@gaylord.com
7,"Herman, Krajcik and Schmeler",Bonnie Okuneva,5326676657,elvieziemann@thiel.net
40,"Larson, Rolfson and Batz",Sally Boehm,3771795965,xanderferry@gerlach.name
1,Gottlieb LLC,Delta Jerde,4821959411,marieschimmel@kerluke.name
32,"Larson, Paucek and Harris",Joan Medhurst,8669443092,dannychristiansen@monahan.biz
19,"Sawayn, Koepp and Quitzon",Garett Gutkowski,6991722111,katelynjaskolski@mcdermott.org
41,"Mante, Ritchie and Wehner",Graciela Schuster,6922742626,alfonzoemmerich@lindgren.name
36,"Cronin, Gottlieb and Jaskolski",Eddie Brekke,6066011234,cecilflatley@windler.io
31,"Bailey, Lesch and Fisher",Hobart Botsford,9808243004,gayleheller@lesch.io
7,Hegmann LLC,Samanta Mertz,2134836380,deemiller@bailey.net
28,Wiegand LLC,Mable Morissette,8019048210,jillianveum@hirthe.name
40,Watsica-Langosh,Ewald Breitenberg,2473662633,zolacollins@hamill.biz
22,"Rosenbaum, Donnelly and Upton",Lon Reynolds,6905021043,jacklynhuels@kihn.biz
26,"Gusikowski, Murphy and Zemlak",Elbert Pollich,3714595208,joaniemedhurst@crist.name
28,Pollich LLC,Carlotta Crist,3792491270,ursulabeer@reilly.biz
9,Kuhn-Kiehn,Karley Spinka,4227040268,reidterry@herman.info
39,Kuhic-Hermann,Evelyn Langworth,1802767487,gertrudevandervort@price.org
27,"Ankunding, Armstrong and Hermann",Richie Kovacek,7370054383,billiegibson@schaefer.com
25,Hand-Lubowitz,Cordia Thiel,5140282878,karenmurphy@price.com
27,Stanton Inc,Miguel Koch,2781382759,maynardorn@herman.name
12,Trantow-Bartell,Jeanette Stokes,9272164834,manleyschulist@gleichner.io
44,Mohr-Dach,Adeline Macejkovic,5265676430,cathrinejenkins@mueller.name
21,"Champlin, Fritsch and Schowalter",Telly Hodkiewicz,5160333975,soledadhickle@bernhard.info
42,"Anderson, Pfeffer and Swift",Tressa Heathcote,8609112074,ginojacobs@feeney.org
38,Cormier-Schroeder,Reymundo Wilderman,5212430499,micahpollich@hauck.net
43,"Mayert, Glover and Huels",Alta Wisoky,1024399205,melodypfeffer@funk.net
4,Mante LLC,Willie Satterfield,8695844173,edenvolkman@stark.name
50,Wolff-Boehm,Sanford Gerhold,2130981081,kelsidenesik@beer.biz
31,Ledner-Hane,Kaci Brakus,8255951987,kellenkutch@upton.info
14,Carter-Abernathy,Clifton Frami,7620649257,guswillms@glover.net
22,"Bogisich, Hermiston and Macejkovic",Liliana Ortiz,6152786690,maziebruen@pacocha.net
37,Buckridge-Glover,Moises Wyman,7098281311,daniellehuels@jenkins.org
23,Wehner-Corkery,Bettye Konopelski,6112919613,carolinabergnaum@nikolaus.org
31,Pouros-Runolfsdottir,Caleb Stracke,1150410730,lamberthahn@raynor.com
5,Kilback-Hartmann,Johnathan Prosacco,4755355237,rosinamohr@cummings.io
46,"Rath, Stamm and Reichel",Eleanore Mayer,5199151765,jeanettehermiston@gibson.net
43,Rath Inc,Kiel Hackett,7274372646,wilburnpfeffer@koss.net
36,Kirlin-Hilll,Marcos Beier,6428334632,lunabradtke@pouros.com
42,Considine-Borer,Jay Emard,2212774868,bessiekautzer@satterfield.org
10,Lang-Kessler,Harrison Gislason,4431330321,jedediahrosenbaum@mitchell.io
41,Waters Group,Lewis Murphy,4260176879,yadiraspencer@olson.com
29,Wolff LLC,Vern Schmitt,5756893009,jonathankulas@reichel.com
17,Shields Inc,Seamus Pfeffer,9235066875,fidelwalter@mraz.info
35,"Auer, Smitham and Grant",Loyal McClure,4161864872,geraldwilderman@wintheiser.biz
5,Hand-Kling,Eve Yundt,6308431002,kailynjohnson@feeney.name
18,Okuneva-Green,Eladio Brekke,3846312389,ivahcollins@becker.name
7,Rippin-Herzog,Robbie Rosenbaum,3270605517,jameypurdy@beahan.net
24,"Hackett, Erdman and Hettinger",Kiara Schinner,8080601982,leolafeeney@herman.com
13,Bechtelar and Sons,Aurelio Torphy,5539559145,destineythiel@barrows.net
32,Leuschke Group,Chasity Kuhic,6454935721,matildemann@cassin.name
45,Hickle Group,Kari Treutel,8931491260,vedaspencer@witting.net
15,"Zboncak, Huel and Tremblay",Raven Rau,5783476739,christinerosenbaum@satterfield.net
39,"Ferry, Kemmer and Beer",Arianna Volkman,3309909465,caesarschmidt@gislason.info
38,Romaguera-Jerde,Woodrow Cartwright,4640569690,jilliancarroll@zemlak.org
10,"King, Mills and Von",Princess Daniel,8077355538,destanyhahn@heathcote.info
23,Hahn Inc,Electa Bergnaum,2472005103,maymiedenesik@daniel.biz
39,Bauch-Bailey,Dangelo Kub,2441404274,rozellabartell@auer.org
24,Purdy LLC,Tyra Brakus,1522550570,romainehermann@zemlak.info
21,Renner and Sons,Wilbert Considine,1490409066,karenrunolfsdottir@heidenreich.com
37,Rempel-Goldner,Don Kling,7562904402,marcellarohan@kling.biz
39,"Schmitt, Ullrich and Reynolds",Kale Mayert,6210535558,laishaabernathy@lehner.biz
30,"Jones, Cremin and Renner",Norene Kemmer,8555137190,roeldach@jast.net
15,Huels-Friesen,Susana Mann,3592657596,alfordmedhurst@von.io
21,"Kshlerin, Kilback and Stroman",Rodrigo McLaughlin,4721596324,mariannerogahn@klocko.com
5,Braun Inc,Bradley Maggio,7776851004,santinastokes@pfeffer.net
35,"Kshlerin, Daugherty and Schaefer",Aditya Ryan,6155732519,vicenteblick@lowe.biz
30,Kerluke-Lowe,Lenora Hermiston,3404876815,samanthahahn@ondricka.biz
26,Zboncak and Sons,Ali Schoen,7871474197,krystinaswaniawski@zulauf.org
40,"Schinner, Mosciski and Jenkins",Stefanie Walsh,9140971118,jeremietowne@johns.com
29,"Hyatt, Nicolas and Grimes",Baby Kassulke,3723575685,keanuconnelly@moore.io
4,"Yost, Howe and Dooley",Rosemary Franecki,1196543901,magdalenharris@gusikowski.com
27,"Hettinger, Reilly and Hills",Jamie Deckow,5515716840,braedenschulist@kshlerin.biz
2,Collins-Glover,Marielle Collins,2829942972,johnsonledner@schiller.org
2,Nader-Damore,Edwardo Farrell,8370072225,nattoy@cole.org
18,Howe-Metz,Harley Zemlak,6452484617,eduardogrant@towne.com
4,White-Breitenberg,Missouri Mayert,8766127498,wileyboyer@howe.biz
8,"Spencer, Wisoky and Mitchell",Effie Weber,9788272854,benniebosco@roberts.name
33,Ratke-Powlowski,Alexanne Hoppe,6494629161,kassandrahickle@hoppe.name
40,Casper Group,Dalton Sporer,2660219202,rorykohler@kuhic.info
28,Swaniawski Inc,Maybell Kilback,3669037804,phyllisschroeder@pollich.net
47,"Reichert, Barrows and Johns",Bertram McCullough,4942232806,gailschumm@gibson.net
19,Anderson-Jewess,Francisco Steuber,3349477466,rosemariebailey@bogan.name
16,"Daniel, Willms and Osinski",John Rath,2320822986,alizepadberg@larson.net
16,"Christiansen, King and Tremblay",John Steuber,6109133992,blairbalistreri@purdy.name
18,"Monahan, Tillman and Buckridge",Luella McGlynn,7544356841,chetmraz@blick.name
50,Renner Inc,Francis Hahn,3907738893,armandohahn@hartmann.org
2,"Torp, Gleichner and Rohan",Scottie Ruecker,4024738818,davonbode@kemmer.biz
48,"Streich, Bernhard and Stokes",Eunice Feil,3722711485,flojerde@stroman.org
5,"Deckow, Jast and Greenfelder",Harvey Hessel,3905719380,tessiecollier@kulas.info
18,Nitzsche Group,Kenneth Sanford,4386742444,venagoyette@abernathy.io
10,Cruickshank-Hahn,Dean Cassin,2716300565,damienwiza@rippin.name
4,Kuhn-McCullough,Drake Kuhn,7056164559,ginacarroll@hickle.biz
42,"Little, Reichel and Sawayn",Kayley Kohler,8117538952,chesleykoelpin@bins.name
16,Yundt-Miller,Arlie Weber,9057215710,evelynkling@nienow.io
47,"Ziemann, Lubowitz and Aufderhar",Chauncey Swaniawski,4812466844,nadiahoeger@senger.info
20,Bayer Group,Viva Schumm,3054959545,glendalesch@rau.biz
29,Graham Inc,Clarabelle Bins,4076001201,hansadams@schumm.net
12,Halvorson-Wolf,Bette Kuhn,5196350997,sterlingschiller@brekke.io
12,"Zemlak, Schinner and Brakus",Kamille Eichmann,9807115458,kristofferbrekke@herman.com
49,"Lebsack, Berge and Abshire",Reginald Bailey,4470863537,kelvinthiel@johns.biz
49,Schaden and Sons,Lela Keeling,7080806778,chaunceyprohaska@zemlak.biz
14,"Blanda, Kulas and Mohr",Veronica Hayes,4728604659,geovannikoss@turner.name
39,Fisher LLC,Harley Hermann,1813093700,daneshanahan@schaden.net
8,Rowe Group,Beaulah Gleichner,9776200933,geovannybarrows@hermiston.net
2,Will-West,Bridget Macejkovic,2435765759,violettedavis@feest.org
22,Lubowitz LLC,Lela Gerlach,6527533934,camillagorczany@kunde.biz
50,Shanahan LLC,Bonnie Green,3014755692,lorenasmitham@price.org
37,Turcotte-Rosenbaum,Chelsea Abbott,7916054618,gardneryundt@kuphal.name
36,Predovic-Gleichner,Jillian Goldner,4696146815,deannafahey@ruecker.name
45,Armstrong-Koepp,Ludie Witting,2963703763,dewaynehane@wintheiser.name
20,"Ledner, Schinner and Wilderman",Leta Wilderman,3329199373,erickasanford@murray.biz
47,Homenick LLC,Tatyana Donnelly,8935849656,maureenruecker@beahan.com
35,"Kautzer, Wehner and Larkin",Murl Spencer,1092321629,generalsteuber@heathcote.io
3,"Gleason, Russel and Krajcik",Caroline Hammes,7369878143,caterinawunsch@dubuque.biz
47,"Emard, Kshlerin and Marquardt",Kariane Murray,3732542492,norrissimonis@ryan.io
1,Brekke-Reichert,Angus Green,2854507398,carterkautzer@wolf.name
41,Daugherty LLC,Evie Haag,7359816778,montanacrist@schiller.org
32,"Bernier, Collins and Hermann",Antonio Halvorson,2998978669,laishajacobson@veum.org
35,Nitzsche Inc,Jeanette McCullough,7277407224,gerrydonnelly@wintheiser.biz
9,"Lehner, Treutel and Treutel",Hailie Macejkovic,5654362124,bertrandnolan@stracke.name
49,Ullrich Inc,Cecelia Ullrich,8226421767,alyssonkub@kovacek.net
48,Hodkiewicz-Reichert,Jordane Lowe,7958754340,londonwillms@deckow.info
3,Strosin LLC,Gustave Braun,5706672874,micahcronin@hagenes.biz
41,"Koch, Murray and Marvin",Marcus Flatley,1336790400,jakobschmeler@smith.info
23,"Rolfson, Runte and Leannon",Vita Morar,5821822334,amayaupton@quigley.io
18,Oberbrunner Group,Cordia Corwin,2359208507,marshallreichel@mills.io
6,Schulist-Spencer,Geraldine Windler,9398007135,rylanmueller@klocko.net
38,Pagac LLC,Louisa Schuster,7859155388,lisakassulke@carroll.biz
31,Koss-Skiles,Joanie Mann,3497980706,ignacioziemann@emmerich.com
47,Graham LLC,Ari McLaughlin,4037193557,liabarrows@jakubowski.name
18,"Watsica, Cole and Baumbach",Jarrell Walker,8337151081,hillardhaag@gerhold.net
34,"Parisian, Fritsch and Mante",Chaim Haag,7593758954,abdulprice@mante.com
30,Hand-Flatley,Buford Rohan,8735351732,angelahermann@wintheiser.net
46,Considine-Roob,Cary Moore,8880829626,graycecartwright@hettinger.net
45,Green-Hauck,Arthur Botsford,2286468319,roderickreinger@white.info
2,Cummerata and Sons,Carmela Mraz,5598368101,alaynacrooks@abbott.com
15,Mitchell-Rice,Otha Nolan,2667771090,juniorosinski@windler.org
23,"Zboncak, Schmidt and Gleichner",Marge Reinger,4017686707,sydneyadams@trantow.info
1,Bauch-Rohan,Jordi Koch,9078913642,sylviaschamberger@mclaughlin.biz
38,Renner-Swift,Erin Cummerata,1422740995,margarettajacobson@eichmann.biz
47,VonRueden-Zieme,Meta Robel,9010495968,johnfranecki@davis.name
12,"Bernier, Jerde and Stehr",Jerry Hauck,7712477037,shanydooley@tremblay.info
44,Mohr Inc,Cassidy Wuckert,8549818156,kaylinmitchell@upton.info
29,"Marvin, Beatty and Brown",Bridget Gleason,4273714097,stephenosinski@heller.net
9,Hayes-Heathcote,Hortense Mraz,9538619387,selinaharvey@buckridge.name
31,"Legros, Dooley and Mann",Chanel Dooley,3817415815,rosamondkling@eichmann.biz
1,"Blick, Littel and Stanton",Aletha Hauck,1290127993,olafweimann@deckow.io
50,Swift Group,Abel Hauck,3273954571,lauryziemann@stoltenberg.net
43,"Johnston, Huel and Gleason",Emie Denesik,6701758435,julianromaguera@reichert.name
36,Padberg Inc,Alysa Mante,9376183345,tyrelcollins@labadie.biz
41,Borer and Sons,Mitchel Hayes,4081241872,ottiliebauch@hagenes.org
7,Davis-Howe,Viola Deckow,9264469018,luespinka@mayert.io
30,Buckridge-Kuvalis,Danny Kutch,9164343814,petedoyle@hermann.biz
49,"Medhurst, Kessler and Simonis",Marshall Kuhic,1070721541,ryderemard@legros.com
18,"Sporer, Langosh and Brakus",Glen Brown,6393281841,rogerwilkinson@jakubowski.com
4,Kessler LLC,Tyshawn Langworth,6900895203,danikaokuneva@treutel.info
2,Graham-Homenick,Johan Shanahan,7996230646,earlenekulas@cummerata.org
22,DuBuque Group,Hiram Crona,4475551917,alainadibbert@lockman.com
3,Leannon-Breitenberg,Jean Auer,1500749253,kaitlincummings@cremin.io
27,"Pouros, Wehner and Berge",Angelo Torp,7890936091,forestzemlak@orn.name
15,"Champlin, Abernathy and Kirlin",Rodrick Hamill,1709101462,verdaquitzon@kuhic.io
27,Marks-Gibson,Estrella Howe,7641321321,hollymante@jewess.io
4,"Leannon, Champlin and Okuneva",Richmond Hayes,3641625721,dandremueller@becker.io
40,"Sipes, Nader and Jerde",Luella Langosh,3670849969,chanelsatterfield@runolfsson.net
23,Bosco LLC,Eloise Blick,3914417962,queeniewolf@simonis.name
39,Mraz-Adams,Brionna Kerluke,9268628588,mariellelockman@kreiger.biz
21,Howe Inc,Jaylan Gaylord,5154176663,valentinegoyette@gislason.biz
47,Brown-Wehner,Darrick Lemke,8544452587,josefinaschamberger@feil.info
34,Ernser Group,Martine Rowe,5342579190,eltamcclure@moen.info
32,Ernser Inc,Jerrod Lockman,2133150671,winonasteuber@yundt.com
43,Kunde-Predovic,Urban Hyatt,2532853835,kennedigutkowski@moore.biz
42,Larkin Inc,Carlos Kihn,3539844235,ethanbergstrom@bruen.info
33,"Lakin, Becker and Koepp",Lawrence Heathcote,2049085475,johannastokes@wolf.com
43,Mraz LLC,Clemmie Stamm,2118355212,luzhessel@bins.biz
3,Schneider and Sons,Laury Schuster,4550041668,brisagottlieb@larson.io
36,"Gislason, Greenholt and Emard",Jamaal Nader,5269170534,kayceebeahan@jones.net
21,Champlin-Kshlerin,Everett Bechtelar,3334846722,arvillakohler@renner.name
49,Lockman-OReilly,Tyler Schowalter,8019481408,elianglover@rohan.name
6,"Torphy, Rohan and Jakubowski",Joe Herman,5388633719,marianeschultz@hills.info
1,"Bruen, Frami and Ullrich",Arnaldo Spinka,2584382733,elfriedawaelchi@stamm.net
23,Hickle LLC,Waino McCullough,7309646847,faustolang@champlin.com
1,Kuphal Inc,Thelma Greenfelder,3323255486,jaronsmith@moen.name
29,"Pacocha, Balistreri and Stracke",Nova Mueller,4073781646,eldonglover@kuhlman.biz
50,McDermott Inc,Ernesto Harvey,4401387529,abbigailmraz@ullrich.io
44,"Leannon, Herman and Schumm",Jadon Nienow,1591511523,santinomarks@farrell.com
50,"Feest, Hauck and Fisher",Bridie Bahringer,9013569921,jowindler@jones.io
36,"Hills, Bayer and Brekke",Carlos Pacocha,4021271243,kassandrakuphal@emmerich.net
39,Anderson-Weber,Joel Predovic,1705569574,roylindgren@dare.info
42,"Beier, Kuhic and Damore",Adelia Dickinson,4263824958,lionelbailey@rodriguez.io
39,Gerhold and Sons,Arvid Kris,1532540105,dixiebartoletti@mcclure.com
12,Goldner and Sons,Lottie Hartmann,3035940135,sylvesterschoen@gislason.biz
40,"Mertz, Lind and Jacobs",Lambert Sporer,9484133009,justensporer@considine.org
26,Ankunding and Sons,Mary Blick,6032390365,davinabbott@hane.io
42,"Mayert, Schmidt and Nikolaus",Leone Pouros,1105449969,sidneyklocko@gislason.biz
14,Koelpin and Sons,Gustave Jakubowski,8642247113,brendonklein@wintheiser.io
39,"McClure, Goyette and Franecki",Aubree Herman,4373341764,lisandrookuneva@schulist.name
22,Weissnat Group,Antonio Ryan,1265502887,finnhahn@mcclure.net
17,Mante-Sauer,Patricia Bogisich,7673324576,maybelleharber@fritsch.net
18,"Waters, Parker and DuBuque",Agustin Wisozk,1339551689,scotbednar@erdman.net
6,"Weimann, Mraz and Carter",Cary Ward,4647072749,michaelarunte@kulas.io
4,"Crona, Mosciski and Dach",Raoul Runolfsdottir,5351748761,kanehamill@lehner.org
12,Bailey Group,Mallory Wuckert,7082778169,alanisharris@doyle.org
18,"Jakubowski, Nienow and Johns",Horacio Bergstrom,6998488097,avamann@ondricka.biz
36,Kiehn-Botsford,Linnea Altenwerth,9814781411,albertboyle@goyette.name
50,"Kohler, Wisoky and Sanford",Mateo Rippin,7840459801,stefaniesawayn@boyer.net
49,Wuckert-Wunsch,Felicity Kunze,4999115506,adelinebahringer@cormier.net
31,"Lueilwitz, Flatley and Douglas",Genesis Hand,3166255398,arlieconroy@vonrueden.io
34,Harvey-Schultz,Curt Paucek,3425350486,georgiannaeichmann@hudson.org
49,Spencer Group,Cristopher Tromp,3977751586,hiramhartmann@pouros.info
47,McClure Inc,Tyler Beatty,6046222767,garetthammes@paucek.net
45,"Lockman, Tromp and Dach",Alexandra Paucek,9136976916,norbertowintheiser@bartoletti.net
12,"Lesch, Satterfield and Bailey",Jewell Osinski,4596178194,abbieryan@schroeder.biz
30,King-Williamson,Ubaldo Pacocha,7986814453,brandiwalker@gerlach.io
20,"Predovic, Kuhn and Beatty",Celine Greenfelder,4552785470,karsonreilly@murazik.info
